cell,clone
AAACCTGAGAAGGCCT-1,Clone2
AAACCTGCATCATCCC-1,Clone2
AAACCTGTCAGTCAGT-1,Clone1
AAACGGGCATCTACGA-1,Clone1
AAACGGGCATGAAGTA-1,Clone1
AAAGATGAGAAACCTA-1,Clone1
AAAGATGCATCCAACA-1,Clone1
AAAGATGGTTATGTGC-1,Clone1
AAAGCAAAGACTACAA-1,Clone1
AAAGCAAAGGCAGTCA-1,unassigned
AAAGCAAAGGCATGTG-1,Clone2
AAAGCAATCGAATCCA-1,Clone1
AAAGCAATCGGTCCGA-1,Clone1
AAAGTAGCAAGCCATT-1,Clone1
AAAGTAGCAGTCACTA-1,Clone1
AAAGTAGGTAAAGTCA-1,Clone1
AAAGTAGGTAGAGTGC-1,Clone2
AAAGTAGGTCTAGCGC-1,unassigned
AAAGTAGTCTAAGCCA-1,Clone2
AAATGCCAGACGACGT-1,Clone2
AAATGCCAGACGCTTT-1,Clone1
AAATGCCCAGCTGTAT-1,Clone1
AAATGCCGTTTGGGCC-1,Clone1
AAATGCCTCAGAGCTT-1,Clone2
AAATGCCTCGCAAGCC-1,unassigned
AACACGTAGAAGGTTT-1,Clone1
AACACGTAGCGTTCCG-1,Clone1
AACACGTAGCTCAACT-1,Clone2
AACACGTCATTATCTC-1,Clone2
AACACGTGTATATGAG-1,Clone2
AACCATGAGCATGGCA-1,Clone2
AACCATGCAGGTCGTC-1,Clone1
AACCATGGTAAGCACG-1,Clone1
AACCATGTCAGTTAGC-1,Clone1
AACCATGTCATGGTCA-1,Clone1
AACCGCGAGTGGCACA-1,Clone1
AACCGCGGTACCGTAT-1,Clone1
AACCGCGGTCAGCTAT-1,Clone2
AACGTTGCAACTGCGC-1,Clone1
AACGTTGGTCTACCTC-1,Clone2
AACGTTGTCCGGGTGT-1,Clone2
AACTCAGTCCGCAGTG-1,Clone1
AACTCCCAGACAAAGG-1,Clone1
AACTCCCAGAGGGATA-1,Clone2
AACTCCCAGCAGGCTA-1,Clone1
AACTCCCAGTGAACGC-1,Clone2
AACTCCCCATCTCGCT-1,Clone1
AACTCTTAGCTAACAA-1,unassigned
AACTGGTCAAATACAG-1,Clone1
AACTGGTGTGATGCCC-1,Clone2
AACTGGTGTGGTAACG-1,unassigned
AACTGGTGTTGACGTT-1,unassigned
AACTTTCCAAGTTAAG-1,Clone1
AACTTTCCACATCCAA-1,unassigned
AACTTTCGTTCATGGT-1,Clone2
AACTTTCGTTTGACAC-1,Clone2
AACTTTCTCACCTCGT-1,Clone1
AACTTTCTCAGTGCAT-1,Clone1
AACTTTCTCTCTTGAT-1,Clone1
AAGACCTAGATAGGAG-1,Clone1
AAGACCTAGTCAATAG-1,Clone1
AAGACCTCAAGAAAGG-1,Clone1
AAGACCTCATACCATG-1,Clone2
AAGACCTGTACAGTTC-1,Clone1
AAGACCTGTAGGGTAC-1,unassigned
AAGACCTGTCGCCATG-1,Clone1
AAGACCTGTTCGAATC-1,Clone1
AAGACCTGTTGCCTCT-1,Clone1
AAGACCTTCGGCTTGG-1,Clone2
AAGACCTTCTCCAACC-1,unassigned
AAGCCGCAGGCGATAC-1,Clone2
AAGCCGCAGTCCAGGA-1,Clone1
AAGCCGCCAGGGTATG-1,Clone1
AAGCCGCGTATGCTTG-1,Clone1
AAGCCGCTCCGCGGTA-1,Clone1
AAGGAGCAGCAGCGTA-1,Clone2
AAGGAGCCAAAGCAAT-1,Clone2
AAGGAGCCACTAAGTC-1,Clone2
AAGGAGCCAGATTGCT-1,Clone2
AAGGAGCCATCCGCGA-1,Clone2
AAGGCAGAGCCACGCT-1,Clone1
AAGGCAGAGTACACCT-1,unassigned
AAGGCAGAGTCATGCT-1,Clone2
AAGGCAGCACGCGAAA-1,unassigned
AAGGCAGGTAAGTGGC-1,Clone2
AAGGCAGGTGTGGCTC-1,Clone2
AAGGCAGTCGTAGGAG-1,Clone1
AAGGTTCCATCCGCGA-1,unassigned
AAGGTTCGTGCAACGA-1,Clone1
AAGGTTCTCGCCATAA-1,Clone1
AAGTCTGCAGGGTTAG-1,Clone2
AAGTCTGCATGCCTAA-1,unassigned
AAGTCTGCATGGGACA-1,Clone1
AAGTCTGGTTATCCGA-1,Clone2
AAGTCTGTCCCTAATT-1,Clone1
AAGTCTGTCGACAGCC-1,Clone1
AATCCAGAGACCTAGG-1,unassigned
AATCCAGAGGCATGTG-1,Clone1
AATCCAGCACCGTTGG-1,Clone2
AATCCAGGTCTACCTC-1,Clone1
AATCCAGTCGCTAGCG-1,Clone1
AATCGGTCAGGTCTCG-1,Clone1
AATCGGTGTAACGCGA-1,Clone2
AATCGGTGTCTCTCTG-1,Clone2
AATCGGTTCCCTAACC-1,Clone2
AATCGGTTCTGGTGTA-1,Clone1
ACACCAATCTAACTTC-1,Clone1
ACACCCTCACGGCGTT-1,Clone1
ACACCCTGTACCATCA-1,Clone1
ACACCCTTCGTATCAG-1,Clone2
ACACCGGAGAGTCGGT-1,Clone2
ACACCGGAGGCGCTCT-1,Clone1
ACACCGGAGGGTGTTG-1,Clone1
ACACTGAAGTGGTCCC-1,Clone1
ACACTGACAAATACAG-1,Clone2
ACACTGAGTAACGACG-1,unassigned
ACAGCCGAGAGGGCTT-1,Clone1
ACAGCCGAGTTAAGTG-1,Clone1
ACAGCCGGTACATGTC-1,Clone1
ACAGCCGGTCTGGAGA-1,Clone1
ACAGCCGTCATAAAGG-1,Clone2
ACAGCCGTCTTGTACT-1,Clone1
ACAGCTAGTCTTCGTC-1,Clone1
ACAGCTAGTGCTCTTC-1,Clone1
ACATACGCAAGCCATT-1,Clone1
ACATACGCAGGGTTAG-1,Clone2
ACATACGCAGTCAGCC-1,Clone1
ACATACGCATGTCGAT-1,Clone1
ACATACGGTCTCCATC-1,Clone2
ACATCAGCAGTCAGCC-1,Clone1
ACATCAGGTACTTCTT-1,Clone2
ACATCAGGTCACAAGG-1,Clone2
ACATCAGGTCCGTCAG-1,unassigned
ACATCAGGTGGCGAAT-1,Clone1
ACATCAGTCACTCCTG-1,Clone2
ACATCAGTCTCCTATA-1,Clone1
ACATCAGTCTTTACAC-1,Clone1
ACATGGTCAAGGACTG-1,Clone1
ACATGGTCAGTAGAGC-1,Clone2
ACATGGTCATGACGGA-1,Clone2
ACATGGTGTAACGTTC-1,Clone2
ACATGGTGTCAAGCGA-1,Clone1
ACATGGTTCGTAGGTT-1,Clone2
ACATGGTTCTAACGGT-1,Clone1
ACCAGTAAGGCCGAAT-1,unassigned
ACCAGTAGTAGGAGTC-1,Clone2
ACCAGTATCCTTGACC-1,Clone1
ACCAGTATCTGCTTGC-1,Clone1
ACCCACTCAAGCGCTC-1,unassigned
ACCCACTCAATGAAAC-1,Clone1
ACCCACTGTCACCTAA-1,Clone1
ACCCACTTCATGCTCC-1,Clone2
ACCCACTTCCACTGGG-1,Clone1
ACCCACTTCGAACGGA-1,Clone2
ACCCACTTCTGGTATG-1,Clone1
ACCGTAAAGATGTCGG-1,unassigned
ACCGTAAAGTAATCCC-1,Clone1
ACCGTAAAGTCCATAC-1,Clone1
ACCGTAAGTACAAGTA-1,Clone1
ACCGTAATCAGCTTAG-1,Clone1
ACCGTAATCCAAACTG-1,Clone1
ACCGTAATCCTCGCAT-1,Clone1
ACCGTAATCTAACCGA-1,Clone1
ACCTTTAAGAACTGTA-1,Clone1
ACCTTTACAAATCCGT-1,Clone1
ACCTTTACAAGGACAC-1,Clone1
ACCTTTACATCCTAGA-1,Clone1
ACCTTTATCCATTCTA-1,Clone2
ACCTTTATCGTACCGG-1,Clone1
ACGAGCCCATACGCCG-1,Clone1
ACGAGCCCATGGAATA-1,Clone2
ACGAGCCGTAAGCACG-1,Clone2
ACGAGCCTCATGCAAC-1,Clone2
ACGAGGACAAATCCGT-1,Clone2
ACGAGGACACCCTATC-1,Clone1
ACGAGGATCTACGAGT-1,Clone1
ACGATACAGACAAAGG-1,Clone1
ACGATACAGCTAAGAT-1,unassigned
ACGATACAGGCTCATT-1,unassigned
ACGATACAGTCCTCCT-1,Clone1
ACGATACCATCCGGGT-1,Clone1
ACGATACCATGCCACG-1,Clone1
ACGATACGTCTTGTCC-1,Clone1
ACGATACTCCCGGATG-1,Clone1
ACGATACTCGATGAGG-1,Clone1
ACGATACTCTGGTGTA-1,Clone1
ACGATGTCACAGATTC-1,Clone2
ACGATGTGTACCTACA-1,Clone2
ACGCAGCAGTACGACG-1,Clone2
ACGCAGCAGTCCGGTC-1,Clone1
ACGCAGCGTAGCTCCG-1,Clone1
ACGCAGCGTCAACATC-1,Clone2
ACGCAGCGTCATACTG-1,unassigned
ACGCAGCTCAGCTCTC-1,Clone1
ACGCAGCTCAGTTGAC-1,Clone1
ACGCAGCTCCCATTTA-1,unassigned
ACGCAGCTCTATCCTA-1,Clone1
ACGCAGCTCTTCTGGC-1,Clone2
ACGCCAGAGACTAAGT-1,Clone1
ACGCCAGCAAGGACAC-1,Clone1
ACGCCAGCATTGGGCC-1,Clone1
ACGCCAGGTTATGTGC-1,Clone2
ACGCCAGTCAAAGACA-1,Clone1
ACGCCAGTCATACGGT-1,Clone1
ACGCCGAAGACCACGA-1,Clone2
ACGCCGAAGACGCAAC-1,Clone2
ACGCCGAAGTGCAAGC-1,Clone1
ACGCCGACAGGTCTCG-1,unassigned
ACGCCGACATCACAAC-1,Clone1
ACGCCGACATTAGGCT-1,Clone1
ACGCCGAGTATCAGTC-1,Clone1
ACGCCGAGTCAGTGGA-1,Clone1
ACGCCGAGTCGACTAT-1,Clone2
ACGCCGATCCGCATAA-1,Clone1
ACGGAGAAGGAGTTTA-1,Clone2
ACGGAGACAGATCCAT-1,Clone1
ACGGAGACATACTCTT-1,Clone1
ACGGAGAGTATATGAG-1,Clone1
ACGGAGAGTATTCTCT-1,Clone1
ACGGAGAGTTACGTCA-1,Clone1
ACGGAGATCCCATTTA-1,Clone2
ACGGCCAAGACTACAA-1,Clone1
ACGGCCAAGTACCGGA-1,Clone1
ACGGGCTTCTTCAACT-1,unassigned
ACGGGTCTCATGGTCA-1,Clone2
ACGGGTCTCCAAACTG-1,Clone2
ACGTCAAAGGACATTA-1,Clone1
ACGTCAAAGTGGTCCC-1,Clone1
ACGTCAATCAAGGTAA-1,Clone2
ACTATCTAGTAGATGT-1,unassigned
ACTATCTCACGAAGCA-1,Clone1
ACTATCTCAGGTTTCA-1,Clone2
ACTATCTCAGTTCCCT-1,Clone1
ACTATCTTCAACACTG-1,Clone2
ACTATCTTCTATGTGG-1,Clone2
ACTGAACAGAAGATTC-1,Clone1
ACTGAACCAGTCCTTC-1,Clone1
ACTGAACGTCTCACCT-1,Clone1
ACTGAGTCAACAACCT-1,Clone2
ACTGAGTCATTTCAGG-1,Clone1
ACTGAGTGTCCTGCTT-1,Clone1
ACTGAGTGTGTTTGGT-1,Clone2
ACTGATGGTCCAAGTT-1,Clone1
ACTGATGGTGACGCCT-1,unassigned
ACTGATGTCGAGCCCA-1,Clone2
ACTGCTCGTGCCTTGG-1,Clone1
ACTGCTCGTTTACTCT-1,Clone1
ACTGCTCTCTTAGCCC-1,Clone1
ACTGTCCAGCCAGGAT-1,Clone1
ACTGTCCAGTGTCTCA-1,Clone1
ACTGTCCCAATCTGCA-1,Clone1
ACTGTCCCAATGGAAT-1,Clone2
ACTGTCCCAGATCCAT-1,Clone2
ACTGTCCCAGCGTAAG-1,Clone1
ACTGTCCCATACTCTT-1,Clone1
ACTGTCCCATTTGCCC-1,Clone2
ACTGTCCGTAGAGCTG-1,Clone1
ACTGTCCGTAGGCATG-1,Clone2
ACTGTCCGTCAACATC-1,Clone2
ACTGTCCGTCGCATAT-1,Clone1
ACTGTCCGTGCGCTTG-1,Clone2
ACTTACTAGGCGACAT-1,unassigned
ACTTACTCAGTGGAGT-1,unassigned
ACTTACTCATTACGAC-1,Clone1
ACTTACTGTACAAGTA-1,Clone2
ACTTACTGTATAATGG-1,Clone2
ACTTACTGTTACCGAT-1,Clone1
ACTTACTGTTACTGAC-1,Clone1
ACTTACTTCTTCGAGA-1,Clone1
ACTTACTTCTTGCAAG-1,Clone1
ACTTACTTCTTTAGTC-1,Clone2
ACTTGTTAGTACTTGC-1,Clone2
ACTTGTTCACGAAGCA-1,Clone2
ACTTGTTTCAAGGTAA-1,unassigned
ACTTGTTTCTCTAAGG-1,Clone1
ACTTTCAAGAGGTACC-1,Clone1
ACTTTCAAGCCACCTG-1,Clone1
ACTTTCACAGTAGAGC-1,Clone2
ACTTTCACATTAACCG-1,Clone1
ACTTTCAGTAACGCGA-1,Clone2
ACTTTCAGTCCGAGTC-1,Clone2
ACTTTCAGTCTAGTCA-1,unassigned
ACTTTCAGTCTGATCA-1,Clone1
ACTTTCATCCACGTGG-1,Clone2
ACTTTCATCGAGAACG-1,Clone1
ACTTTCATCGCAAACT-1,Clone1
AGAATAGAGCGATCCC-1,Clone1
AGAATAGCATGTCGAT-1,Clone1
AGAATAGGTCCAGTAT-1,Clone1
AGAATAGTCGCTAGCG-1,Clone2
AGACGTTAGCGGATCA-1,Clone1
AGACGTTAGTGTTAGA-1,Clone1
AGACGTTCAAGTTCTG-1,Clone1
AGACGTTCACGCATCG-1,Clone1
AGACGTTCACTTACGA-1,Clone1
AGACGTTCAGTTTACG-1,Clone2
AGACGTTGTAGCGTAG-1,Clone2
AGACGTTTCCCTAACC-1,Clone1
AGACGTTTCTAACTGG-1,Clone1
AGACGTTTCTCGCTTG-1,Clone1
AGAGCGAAGCATGGCA-1,Clone2
AGAGCGAAGCGATATA-1,Clone1
AGAGCGAGTCTTCGTC-1,Clone1
AGAGCTTAGCACCGCT-1,unassigned
AGAGCTTCAAGAGGCT-1,Clone1
AGAGCTTTCCAGAAGG-1,unassigned
AGAGTGGAGCTAGTTC-1,Clone1
AGAGTGGCAATGTAAG-1,Clone1
AGAGTGGCACCAGTTA-1,Clone2
AGAGTGGGTCTCTCTG-1,Clone1
AGATCTGCAGAGTGTG-1,unassigned
AGATCTGCAGCTGCAC-1,unassigned
AGATCTGGTAGCGCAA-1,Clone2
AGATCTGTCCTTAATC-1,Clone1
AGATTGCAGATGCCAG-1,Clone2
AGATTGCCATACAGCT-1,Clone2
AGATTGCCATCCCATC-1,unassigned
AGATTGCCATCGGAAG-1,Clone2
AGATTGCTCCAACCAA-1,Clone1
AGATTGCTCCTTAATC-1,Clone2
AGCAGCCAGGAGTTGC-1,unassigned
AGCATACCAAGCCTAT-1,Clone1
AGCATACGTGATAAAC-1,Clone2
AGCATACTCAGAAATG-1,Clone1
AGCATACTCAGCTCTC-1,Clone2
AGCATACTCGGTGTCG-1,Clone1
AGCATACTCTACTATC-1,Clone1
AGCCTAAAGTCGATAA-1,Clone1
AGCCTAACACCAGGTC-1,Clone2
AGCCTAACATTAGGCT-1,Clone2
AGCCTAAGTCCATCCT-1,Clone2
AGCCTAAGTCCATGAT-1,unassigned
AGCCTAAGTGCCTGCA-1,Clone1
AGCGGTCCAAGGACAC-1,Clone2
AGCGGTCTCTTAGAGC-1,Clone2
AGCGTATAGTCGTTTG-1,Clone2
AGCGTATGTTCGTGAT-1,Clone1
AGCGTATTCTGGTGTA-1,Clone1
AGCTCCTCAAGCCTAT-1,Clone1
AGCTCCTCAGCCAATT-1,Clone2
AGCTCCTCATTGCGGC-1,unassigned
AGCTCCTGTATCAGTC-1,Clone2
AGCTCCTTCATGTCTT-1,Clone1
AGCTCCTTCGGCGCAT-1,Clone2
AGCTCCTTCTGTCTAT-1,unassigned
AGCTCTCAGCTGCGAA-1,Clone2
AGCTCTCCACCCATTC-1,Clone2
AGCTCTCCACCGAATT-1,Clone2
AGCTCTCGTAGGAGTC-1,Clone2
AGCTCTCGTCAACTGT-1,Clone2
AGCTCTCGTCCGAATT-1,Clone2
AGCTCTCGTTATCACG-1,Clone1
AGCTCTCTCTTGTATC-1,unassigned
AGCTTGAAGTCCTCCT-1,Clone1
AGCTTGAAGTTCGCGC-1,Clone2
AGCTTGACATTAGCCA-1,Clone2
AGCTTGATCTTGAGAC-1,Clone2
AGGCCACAGAGTCGGT-1,Clone1
AGGCCACAGATGCCTT-1,Clone1
AGGCCACCACCAGGTC-1,Clone1
AGGCCACGTCTCACCT-1,Clone2
AGGCCACTCCTCAATT-1,Clone2
AGGCCACTCTTAGAGC-1,Clone1
AGGCCGTAGCTACCTA-1,Clone1
AGGCCGTAGGAGTACC-1,Clone1
AGGCCGTGTGACGGTA-1,Clone1
AGGCCGTGTGTTGAGG-1,Clone2
AGGGATGAGAGTTGGC-1,Clone2
AGGGATGCACACATGT-1,Clone2
AGGGATGCAGCTGTGC-1,Clone1
AGGGATGTCGAACTGT-1,Clone1
AGGGTGAAGTTCGCAT-1,Clone1
AGGGTGACAATGGAGC-1,Clone1
AGGGTGACACGAAACG-1,Clone2
AGGGTGACACGGTTTA-1,Clone2
AGGGTGACAGTACACT-1,Clone2
AGGGTGAGTACGCACC-1,Clone2
AGGGTGAGTTCGAATC-1,Clone1
AGGGTGATCAAGAAGT-1,Clone2
AGGGTGATCAGAGCTT-1,Clone1
AGGGTGATCGAGGTAG-1,Clone1
AGGGTGATCTCAACTT-1,Clone1
AGGTCATAGCAATCTC-1,Clone2
AGGTCATAGGATGGTC-1,unassigned
AGGTCATGTCAAAGAT-1,Clone1
AGGTCATGTGCAACGA-1,Clone1
AGGTCATTCCACGAAT-1,Clone2
AGGTCATTCTAACTCT-1,Clone1
AGGTCATTCTCCGGTT-1,unassigned
AGGTCATTCTTCGAGA-1,Clone1
AGGTCCGCACGTCTCT-1,Clone1
AGGTCCGGTCGGATCC-1,Clone1
AGGTCCGTCCACGTGG-1,Clone1
AGTAGTCAGGCACATG-1,Clone1
AGTAGTCCACAACTGT-1,unassigned
AGTAGTCCACGTCAGC-1,unassigned
AGTCTTTAGTTGAGTA-1,Clone1
AGTCTTTCAGATGAGC-1,Clone1
AGTCTTTGTCCCTACT-1,Clone2
AGTCTTTGTCTCTCTG-1,Clone2
AGTCTTTTCCTTCAAT-1,Clone1
AGTGAGGAGCGTTTAC-1,Clone2
AGTGAGGAGGAGTACC-1,Clone2
AGTGAGGAGGAGTAGA-1,Clone2
AGTGAGGAGTGTACTC-1,Clone1
AGTGAGGGTGGTGTAG-1,unassigned
AGTGAGGTCATAACCG-1,Clone1
AGTGAGGTCCAAGTAC-1,Clone2
AGTGAGGTCCTTCAAT-1,unassigned
AGTGAGGTCTGTCCGT-1,Clone1
AGTGAGGTCTGTTGAG-1,Clone1
AGTGGGAAGTAAGTAC-1,Clone2
AGTGGGACACGAGGTA-1,Clone2
AGTGGGAGTCATATGC-1,Clone2
AGTGTCAAGAACTGTA-1,Clone2
AGTGTCAAGCGGCTTC-1,Clone1
AGTGTCAAGTGCCAGA-1,unassigned
AGTGTCAGTACAGTTC-1,unassigned
AGTGTCAGTCTGATTG-1,unassigned
AGTTGGTCAGGTCGTC-1,Clone2
AGTTGGTGTATCGCAT-1,Clone1
AGTTGGTGTCAACTGT-1,Clone1
AGTTGGTTCATCGCTC-1,Clone2
AGTTGGTTCTAACTGG-1,Clone1
ATAACGCAGTAGCGGT-1,Clone2
ATAACGCCAAGCGAGT-1,Clone2
ATAACGCGTGGAAAGA-1,Clone2
ATAACGCTCAACACGT-1,Clone1
ATAACGCTCTTGAGGT-1,Clone2
ATAAGAGAGCTGATAA-1,Clone1
ATAAGAGTCAACTCTT-1,unassigned
ATAAGAGTCACAAACC-1,Clone2
ATAAGAGTCCCTTGCA-1,Clone1
ATAGACCAGTGGTAGC-1,Clone1
ATAGACCCAATGTTGC-1,Clone1
ATAGACCTCGCACTCT-1,Clone1
ATAGACCTCTTCAACT-1,Clone1
ATCACGAAGCACACAG-1,unassigned
ATCACGACACAAGACG-1,Clone1
ATCACGACACCGAATT-1,Clone1
ATCACGAGTAGCAAAT-1,Clone2
ATCACGATCTGCGTAA-1,Clone1
ATCATCTGTGACGGTA-1,Clone1
ATCATCTTCCTAAGTG-1,Clone2
ATCATCTTCGAGAGCA-1,Clone2
ATCATGGCAGTAACGG-1,Clone1
ATCATGGTCCCATTAT-1,Clone2
ATCATGGTCCGCATCT-1,Clone1
ATCCACCAGCCATCGC-1,Clone1
ATCCACCCAACTGCTA-1,Clone1
ATCCACCCACAGGCCT-1,Clone1
ATCCACCGTGCTAGCC-1,Clone1
ATCCACCTCCAGTATG-1,Clone1
ATCCGAAAGTGCGTGA-1,Clone2
ATCCGAACAAAGAATC-1,Clone1
ATCCGAACAAGAGTCG-1,Clone2
ATCCGAACACCACCAG-1,Clone2
ATCCGAAGTAGAAAGG-1,Clone1
ATCCGAAGTATCGCAT-1,Clone1
ATCCGAAGTTTGTTTC-1,Clone2
ATCCGAATCCATGAGT-1,Clone1
ATCCGAATCGTCCGTT-1,Clone1
ATCGAGTAGCGGCTTC-1,unassigned
ATCGAGTCACAGGTTT-1,Clone2
ATCGAGTCACGAAGCA-1,Clone1
ATCGAGTGTAAGGGAA-1,Clone1
ATCGAGTGTAGTAGTA-1,Clone1
ATCGAGTGTGTTCTTT-1,Clone1
ATCGAGTTCACCGTAA-1,Clone1
ATCGAGTTCATCACCC-1,Clone2
ATCTACTAGCTATGCT-1,Clone2
ATCTACTAGCTGAAAT-1,unassigned
ATCTACTCAGCGATCC-1,Clone1
ATCTACTCAGCTGCTG-1,Clone1
ATCTACTTCAGGTTCA-1,Clone1
ATCTACTTCTTTACAC-1,Clone1
ATCTGCCCAACGCACC-1,Clone1
ATCTGCCCAATTCCTT-1,Clone2
ATCTGCCCACTTGGAT-1,Clone1
ATCTGCCGTTTGACTG-1,Clone2
ATCTGCCTCACAGTAC-1,unassigned
ATCTGCCTCCCAGGTG-1,Clone1
ATCTGCCTCTATCCTA-1,Clone1
ATGAGGGAGCGATCCC-1,Clone2
ATGAGGGAGCTGATAA-1,Clone1
ATGAGGGCAAACCTAC-1,Clone1
ATGAGGGCATTGGGCC-1,Clone2
ATGAGGGGTACAGACG-1,unassigned
ATGAGGGGTCTAAACC-1,Clone2
ATGAGGGGTGTCGCTG-1,Clone1
ATGAGGGTCAGTCCCT-1,Clone1
ATGCGATCAAAGCAAT-1,Clone1
ATGCGATCAAAGGAAG-1,Clone1
ATGCGATCACATCCGG-1,Clone2
ATGCGATCAGGGTATG-1,unassigned
ATGCGATTCAAAGTAG-1,Clone1
ATGGGAGGTCTACCTC-1,unassigned
ATGGGAGTCCTAAGTG-1,Clone1
ATGTGTGAGACCACGA-1,Clone1
ATGTGTGAGTAGTGCG-1,Clone1
ATGTGTGCAGCTGCAC-1,Clone2
ATGTGTGGTCCGTGAC-1,unassigned
ATGTGTGGTTGGTGGA-1,Clone2
ATGTGTGTCTGGTATG-1,Clone2
ATTACTCAGAAGGACA-1,Clone1
ATTACTCAGACTAGGC-1,Clone2
ATTACTCAGCAACGGT-1,Clone2
ATTACTCAGCGTCAAG-1,Clone2
ATTACTCGTATGCTTG-1,Clone1
ATTATCCAGACGACGT-1,Clone1
ATTATCCCACTGCCAG-1,Clone2
ATTATCCCAGGCTCAC-1,Clone2
ATTATCCGTGCAGACA-1,Clone2
ATTATCCGTTCGGGCT-1,Clone2
ATTATCCTCCTATGTT-1,Clone2
ATTATCCTCTTGTATC-1,Clone1
ATTCTACAGCGATATA-1,Clone2
ATTCTACCAGCCACCA-1,Clone1
ATTCTACTCTCTGAGA-1,Clone1
ATTCTACTCTGGGCCA-1,Clone2
ATTGGACCAAGTTCTG-1,Clone1
ATTGGACCATACGCTA-1,unassigned
ATTGGACGTACAGACG-1,Clone2
ATTGGACGTCATATGC-1,Clone1
ATTGGACTCAATACCG-1,Clone2
ATTGGACTCGGTCCGA-1,unassigned
ATTGGACTCTTGCAAG-1,unassigned
ATTGGTGAGCGTTCCG-1,Clone1
ATTGGTGAGGGAAACA-1,Clone2
ATTGGTGGTAGAAAGG-1,Clone2
ATTTCTGGTCCGTTAA-1,unassigned
ATTTCTGGTCTCACCT-1,Clone2
CAACCAAGTGTGTGCC-1,Clone2
CAACCAATCAAACGGG-1,Clone2
CAACCAATCAGGTAAA-1,Clone1
CAACCAATCGCTTAGA-1,unassigned
CAACCAATCTGCCCTA-1,Clone1
CAACCTCAGTGAATTG-1,Clone1
CAACCTCCAAGGGTCA-1,unassigned
CAACCTCCATGATCCA-1,Clone2
CAACCTCGTTCGGGCT-1,Clone1
CAACTAGAGGTAGCCA-1,Clone2
CAACTAGCAGTCGATT-1,Clone1
CAACTAGGTAAACCTC-1,Clone1
CAACTAGGTGGACGAT-1,Clone1
CAACTAGTCATAGCAC-1,Clone1
CAACTAGTCCAGTAGT-1,Clone1
CAACTAGTCGTTTATC-1,Clone1
CAAGAAAAGTCGAGTG-1,Clone2
CAAGAAAGTAGGAGTC-1,Clone2
CAAGAAAGTCGCATAT-1,Clone1
CAAGATCAGTACTTGC-1,unassigned
CAAGATCCACAGGAGT-1,Clone1
CAAGATCCATGTTGAC-1,Clone2
CAAGATCGTAAATGTG-1,Clone1
CAAGATCGTAGCCTAT-1,Clone2
CAAGGCCAGGATCGCA-1,Clone1
CAAGGCCAGGGAACGG-1,Clone2
CAAGGCCCAGGTCTCG-1,Clone1
CAAGGCCGTAGGGTAC-1,Clone2
CAAGGCCTCCCAGGTG-1,unassigned
CAAGGCCTCGAATGCT-1,Clone2
CAAGGCCTCTTCAACT-1,Clone2
CAAGTTGGTCCCTTGT-1,unassigned
CAAGTTGTCCCGACTT-1,Clone2
CACAAACAGCTGAAAT-1,Clone1
CACAAACGTCTGGTCG-1,Clone1
CACAAACGTGCGATAG-1,Clone2
CACAAACTCAGATAAG-1,Clone2
CACAAACTCTAAGCCA-1,Clone1
CACAAACTCTCACATT-1,Clone2
CACAAACTCTGTCAAG-1,Clone1
CACACAAAGTAATCCC-1,Clone1
CACACAACACACCGCA-1,Clone1
CACACAACATGGGACA-1,Clone2
CACACAAGTAGAGCTG-1,Clone1
CACACAAGTCAAAGAT-1,Clone1
CACACAATCATGTCTT-1,unassigned
CACACAATCCTACAGA-1,Clone1
CACACCTAGACACGAC-1,Clone2
CACACCTAGCGAGAAA-1,Clone1
CACACCTCAGCTGTTA-1,Clone2
CACACCTGTCTGGAGA-1,Clone2
CACACTCCACTGAAGG-1,Clone1
CACACTCCATGTTCCC-1,Clone1
CACACTCGTAGCCTAT-1,Clone1
CACACTCGTGACAAAT-1,Clone1
CACACTCGTGTCCTCT-1,Clone1
CACACTCGTTACAGAA-1,unassigned
CACACTCGTTCAGACT-1,Clone2
CACACTCTCTAACTTC-1,Clone2
CACACTCTCTCTGTCG-1,unassigned
CACAGGCAGTTGTCGT-1,unassigned
CACAGGCCACGAAACG-1,Clone1
CACAGGCCATTGTGCA-1,Clone1
CACAGGCTCGATCCCT-1,Clone1
CACAGTAAGCTATGCT-1,Clone2
CACAGTACATGGGACA-1,unassigned
CACAGTAGTCGATTGT-1,unassigned
CACAGTAGTCGGCACT-1,Clone1
CACAGTAGTTACCAGT-1,Clone1
CACAGTATCATGTGGT-1,unassigned
CACAGTATCCTTGCCA-1,Clone1
CACAGTATCTGATTCT-1,Clone2
CACATAGAGAAACGCC-1,Clone1
CACATAGCAAACTGCT-1,Clone2
CACATAGGTACACCGC-1,Clone2
CACATAGGTTCTGGTA-1,Clone1
CACATAGTCAAGAAGT-1,Clone1
CACATTTCACGCGAAA-1,Clone1
CACATTTCAGCTGTTA-1,Clone1
CACATTTGTGCCTGTG-1,Clone2
CACATTTTCCATGAAC-1,Clone1
CACCACTAGTCCCACG-1,Clone2
CACCACTCACCACGTG-1,Clone1
CACCACTCAGACGCAA-1,Clone1
CACCACTGTGAGCGAT-1,Clone2
CACCACTTCACGACTA-1,Clone1
CACCAGGAGATATGCA-1,Clone2
CACCAGGAGGGATCTG-1,Clone2
CACCAGGCACTAAGTC-1,Clone1
CACCAGGTCAATCTCT-1,Clone2
CACCAGGTCATCTGTT-1,Clone1
CACCTTGAGGGCTTCC-1,Clone1
CACCTTGAGGGTCGAT-1,Clone1
CACCTTGCAAACGTGG-1,Clone2
CACCTTGCACAACGCC-1,Clone2
CACCTTGCATCTCCCA-1,Clone1
CACCTTGGTCCTCTTG-1,Clone1
CACCTTGGTTCCTCCA-1,Clone2
CACCTTGTCCCATTAT-1,Clone2
CACCTTGTCCGTAGGC-1,unassigned
CACCTTGTCGGCTTGG-1,Clone1
CACCTTGTCGTCCGTT-1,unassigned
CACTCCAAGGAGTACC-1,unassigned
CACTCCAAGTAATCCC-1,Clone1
CACTCCAGTCGGCACT-1,unassigned
CACTCCAGTTGCGTTA-1,Clone1
CACTCCATCGGGAGTA-1,Clone1
CAGAATCAGACAGGCT-1,Clone1
CAGAATCAGATGTAAC-1,Clone1
CAGAATCAGCAACGGT-1,Clone1
CAGAATCAGGATTCGG-1,Clone2
CAGAATCAGTCTCAAC-1,Clone2
CAGAATCCACACCGAC-1,unassigned
CAGAATCCACTTCGAA-1,Clone2
CAGAATCCATGTCGAT-1,Clone1
CAGAATCGTACCGGCT-1,Clone1
CAGAATCGTTCCATGA-1,Clone2
CAGAATCGTTGGTGGA-1,Clone2
CAGAGAGCACGGATAG-1,unassigned
CAGAGAGTCGGTTCGG-1,Clone2
CAGATCAAGAAGATTC-1,Clone1
CAGATCAAGACACGAC-1,Clone2
CAGATCAAGTCAATAG-1,Clone1
CAGATCACACAGAGGT-1,Clone2
CAGATCACAGTAACGG-1,Clone2
CAGATCACATCAGTAC-1,Clone1
CAGATCAGTCCATCCT-1,Clone1
CAGATCAGTGTAAGTA-1,Clone1
CAGATCATCCGTTGCT-1,Clone1
CAGCAGCAGGCCATAG-1,Clone2
CAGCAGCAGGCTAGGT-1,Clone1
CAGCAGCCAAGTCATC-1,Clone1
CAGCAGCCACGAAACG-1,Clone1
CAGCAGCCAGCCTATA-1,Clone1
CAGCAGCGTTGTGGAG-1,Clone2
CAGCAGCTCAAAGACA-1,unassigned
CAGCAGCTCCGTTGCT-1,unassigned
CAGCAGCTCTGCTGCT-1,Clone1
CAGCATAAGGATATAC-1,Clone1
CAGCATAAGTGAACGC-1,Clone1
CAGCATACAATGTAAG-1,unassigned
CAGCATATCTCGAGTA-1,Clone1
CAGCATATCTGCAGTA-1,Clone2
CAGCCGAAGCGATATA-1,Clone2
CAGCCGAAGTCCTCCT-1,unassigned
CAGCCGACAGATCTGT-1,Clone1
CAGCCGACAGATGGGT-1,Clone2
CAGCCGATCACATACG-1,Clone2
CAGCCGATCCTAGTGA-1,Clone1
CAGCGACCATACGCCG-1,Clone1
CAGCGACCATTGAGCT-1,Clone1
CAGCGACTCAGTTCGA-1,Clone1
CAGCTAACAATGTTGC-1,Clone2
CAGCTAACAGGCGATA-1,Clone2
CAGCTAATCGCAAGCC-1,Clone2
CAGCTAATCGTCCAGG-1,Clone1
CAGCTGGAGCCTCGTG-1,Clone1
CAGCTGGAGCGACGTA-1,Clone1
CAGCTGGCAATCCAAC-1,unassigned
CAGCTGGGTAGAAGGA-1,Clone1
CAGCTGGTCAGAGCTT-1,Clone2
CAGGTGCAGCGCTTAT-1,Clone1
CAGGTGCGTTACGTCA-1,Clone1
CAGTAACAGCCACCTG-1,Clone1
CAGTAACAGTTTCCTT-1,Clone1
CAGTAACCAGTCTTCC-1,Clone2
CAGTAACCATGAACCT-1,Clone1
CAGTAACGTTGGTTTG-1,Clone1
CAGTAACTCATGTCTT-1,Clone2
CAGTAACTCCGTCATC-1,Clone2
CAGTAACTCGAGAACG-1,Clone2
CAGTAACTCGCCCTTA-1,unassigned
CAGTAACTCTGCGACG-1,Clone1
CAGTCCTAGACACGAC-1,Clone2
CAGTCCTAGACTACAA-1,Clone1
CAGTCCTAGAGTAAGG-1,Clone2
CAGTCCTCACCGATAT-1,unassigned
CAGTCCTTCAGCATGT-1,Clone2
CATATGGGTCAACTGT-1,Clone2
CATATTCAGCACCGTC-1,Clone1
CATATTCAGGTGTTAA-1,Clone2
CATATTCAGTTGTCGT-1,Clone1
CATATTCCACAGAGGT-1,unassigned
CATATTCCAGCCACCA-1,Clone1
CATATTCCAGCTTAAC-1,Clone2
CATATTCCATTGGTAC-1,Clone1
CATATTCTCCTAGTGA-1,Clone1
CATATTCTCTGCTGCT-1,Clone1
CATATTCTCTTGACGA-1,Clone1
CATCAAGAGAATTGTG-1,unassigned
CATCAAGAGAGCTGCA-1,Clone1
CATCAAGCACAGACTT-1,Clone1
CATCAAGCAGCCAGAA-1,unassigned
CATCAAGGTCGGATCC-1,Clone1
CATCAAGGTTGATTCG-1,Clone2
CATCAAGTCGTTTAGG-1,Clone1
CATCAAGTCTTTACAC-1,Clone2
CATCAGAAGCCCAGCT-1,Clone2
CATCAGAAGGAGTTTA-1,Clone2
CATCAGACAGCCTATA-1,Clone2
CATCAGATCACGGTTA-1,Clone2
CATCAGATCCCTAACC-1,Clone1
CATCCACAGAGCCCAA-1,unassigned
CATCCACAGGACGAAA-1,Clone2
CATCCACCAACACGCC-1,Clone2
CATCCACCAATCGAAA-1,Clone2
CATCCACCACTGTCGG-1,Clone1
CATCCACTCATAACCG-1,Clone2
CATCGAAAGGGTTTCT-1,Clone2
CATCGAAGTACACCGC-1,Clone1
CATCGAATCGACCAGC-1,Clone1
CATCGGGAGAGTAAGG-1,Clone1
CATCGGGCACATCCGG-1,Clone2
CATCGGGGTCTGCAAT-1,unassigned
CATCGGGGTTATCACG-1,Clone1
CATCGGGGTTCGCTAA-1,Clone1
CATCGGGTCAGGATCT-1,Clone2
CATGACAAGGGCACTA-1,Clone1
CATGACAAGGGCTTCC-1,Clone1
CATGACAAGGTGATTA-1,Clone1
CATGACAGTCGCGGTT-1,unassigned
CATGACAGTTATTCTC-1,Clone2
CATGACATCCTAGAAC-1,Clone2
CATGCCTAGAGCTGCA-1,Clone1
CATGCCTAGCCCAACC-1,Clone1
CATGCCTAGGAGTTGC-1,Clone1
CATGCCTCACAACGCC-1,Clone2
CATGCCTGTGAGTGAC-1,unassigned
CATGCCTTCTCGCATC-1,unassigned
CATGGCGAGAACTCGG-1,Clone1
CATGGCGAGGCTAGCA-1,Clone2
CATGGCGGTTGACGTT-1,Clone2
CATTATCCAAACAACA-1,Clone1
CATTATCCACTCGACG-1,unassigned
CATTATCGTGTTTGTG-1,Clone2
CATTCGCCATGCCTAA-1,unassigned
CATTCGCTCCCTAACC-1,Clone2
CCAATCCCACGGTAGA-1,Clone2
CCAATCCGTTGTCTTT-1,Clone2
CCAATCCTCAGCTGGC-1,Clone2
CCAATCCTCAGGTAAA-1,Clone2
CCAATCCTCCGGCACA-1,Clone2
CCAATCCTCGGCGCTA-1,Clone1
CCACCTAAGCACGCCT-1,Clone1
CCACCTACACACTGCG-1,Clone1
CCACCTACATGCTAGT-1,Clone1
CCACCTAGTCGCTTCT-1,Clone1
CCACCTAGTCTAGCCG-1,Clone1
CCACCTAGTGCTAGCC-1,Clone2
CCACCTAGTGGTGTAG-1,unassigned
CCACCTAGTTAAGAAC-1,Clone1
CCACCTATCACCAGGC-1,Clone2
CCACCTATCTAACTCT-1,Clone1
CCACGGAAGCCGATTT-1,Clone2
CCACGGACAAGGTGTG-1,Clone2
CCACGGACATCACAAC-1,Clone2
CCACGGAGTCCATGAT-1,Clone1
CCACTACCAAGCGAGT-1,Clone2
CCACTACCAAGCGATG-1,Clone1
CCACTACGTACTCTCC-1,Clone1
CCACTACGTCTAGCGC-1,Clone2
CCACTACTCGACCAGC-1,Clone1
CCACTACTCTAACCGA-1,Clone2
CCAGCGAAGACACGAC-1,Clone1
CCAGCGAAGCGCTCCA-1,Clone2
CCAGCGAGTCATCCCT-1,unassigned
CCATGTCAGACTAGGC-1,Clone1
CCATGTCAGATATGCA-1,Clone2
CCATGTCCAACTGCGC-1,Clone1
CCATGTCTCAAGATCC-1,Clone2
CCATGTCTCACATAGC-1,Clone2
CCATGTCTCGCTTGTC-1,unassigned
CCATGTCTCTGTCTCG-1,Clone1
CCATTCGAGTGTCCCG-1,Clone2
CCATTCGCAGATAATG-1,Clone1
CCATTCGCAGGCTGAA-1,Clone2
CCATTCGCATGAGCGA-1,Clone1
CCATTCGTCAGCACAT-1,Clone1
CCCAATCAGTTGAGTA-1,Clone2
CCCAATCCAAAGGTGC-1,Clone1
CCCAATCCAAGCCGTC-1,unassigned
CCCAATCCACATGTGT-1,Clone2
CCCAATCCACGTGAGA-1,Clone2
CCCAATCCAGATGAGC-1,Clone2
CCCAATCCAGCATACT-1,Clone1
CCCAATCGTACAGTTC-1,unassigned
CCCAATCGTCAATACC-1,Clone1
CCCAATCGTCTTCGTC-1,Clone1
CCCAATCGTGCTCTTC-1,Clone2
CCCAATCTCGGCATCG-1,Clone2
CCCAGTTCAAGGGTCA-1,Clone1
CCCAGTTCATCACAAC-1,Clone2
CCCAGTTGTTCGAATC-1,unassigned
CCCAGTTTCACTCCTG-1,Clone1
CCCAGTTTCAGCTCTC-1,Clone1
CCCAGTTTCTGCCAGG-1,unassigned
CCCATACCAAGGTGTG-1,Clone2
CCCATACCAATCCGAT-1,Clone1
CCCATACCATAAAGGT-1,Clone1
CCCATACGTAGCGTAG-1,Clone1
CCCATACTCACCGGGT-1,Clone2
CCCATACTCCATGAGT-1,Clone1
CCCATACTCGCGGATC-1,unassigned
CCCATACTCTGCGGCA-1,Clone2
CCCTCCTCAGGGTATG-1,Clone1
CCCTCCTGTAAGGATT-1,Clone1
CCCTCCTGTTCGAATC-1,unassigned
CCGGGATGTTAGGGTG-1,Clone1
CCGGGATTCCACTCCA-1,Clone1
CCGGGATTCTAGAGTC-1,Clone1
CCGGTAGGTAGCTAAA-1,Clone2
CCGTACTAGCCGGTAA-1,Clone1
CCGTACTCAAACCCAT-1,Clone1
CCGTACTCACGAGGTA-1,Clone1
CCGTACTCATAACCTG-1,Clone1
CCGTACTCATAGACTC-1,Clone2
CCGTACTCATCATCCC-1,Clone1
CCGTACTTCTAACTCT-1,Clone1
CCGTGGAAGATATGCA-1,Clone1
CCGTTCAAGAATGTTG-1,Clone1
CCGTTCAAGTACGACG-1,Clone2
CCGTTCAAGTGTTTGC-1,Clone1
CCGTTCACACGTGAGA-1,Clone2
CCGTTCACAGCTTAAC-1,Clone2
CCGTTCAGTCATATGC-1,Clone1
CCTAAAGAGATGTTAG-1,Clone2
CCTAAAGCAATTGCTG-1,Clone1
CCTAAAGCATCGACGC-1,Clone2
CCTACACAGACTGGGT-1,Clone1
CCTACACAGATAGCAT-1,Clone1
CCTACACAGCAGCGTA-1,Clone2
CCTACACAGCTGTCTA-1,Clone1
CCTACACAGGTGTTAA-1,Clone1
CCTACACCACTGCCAG-1,Clone2
CCTACACTCCACGAAT-1,Clone2
CCTACACTCGCATGAT-1,Clone1
CCTACACTCGCGGATC-1,Clone2
CCTACCAAGATCTGCT-1,Clone1
CCTACCAAGCCACGTC-1,Clone1
CCTACCACACATAACC-1,Clone1
CCTACCAGTTCACGGC-1,Clone2
CCTAGCTCACCCAGTG-1,Clone2
CCTAGCTGTCATATGC-1,unassigned
CCTAGCTGTGCCTGTG-1,Clone1
CCTAGCTTCCAAACTG-1,unassigned
CCTCAGTAGGTGGGTT-1,Clone1
CCTCAGTTCATTATCC-1,Clone2
CCTCTGATCTCTAGGA-1,Clone1
CCTTACGAGACGACGT-1,Clone1
CCTTACGGTGGTCCGT-1,Clone1
CCTTACGGTTTGACTG-1,Clone1
CCTTACGGTTTGTTTC-1,Clone1
CCTTACGTCTCAACTT-1,Clone2
CCTTCCCCATGGGACA-1,Clone2
CCTTCCCGTAGCAAAT-1,Clone1
CCTTCCCGTCCAGTAT-1,unassigned
CCTTCCCGTCCTCTTG-1,Clone2
CCTTCCCGTGCAGACA-1,Clone2
CCTTCCCGTTCCACAA-1,Clone2
CCTTCCCTCAGCGATT-1,Clone2
CCTTCGAAGCCACGTC-1,unassigned
CCTTCGAAGGCTAGAC-1,Clone2
CCTTCGAAGTACACCT-1,Clone1
CCTTCGAGTATCGCAT-1,Clone2
CCTTCGAGTGCACTTA-1,Clone1
CCTTCGATCATGCAAC-1,Clone1
CCTTTCTAGGTGTTAA-1,Clone1
CCTTTCTCATCTATGG-1,Clone1
CCTTTCTGTGCCTGGT-1,Clone2
CCTTTCTTCAGTTGAC-1,Clone1
CGAACATCAATCTGCA-1,Clone1
CGAACATCAGGGCATA-1,Clone1
CGAACATGTTCCACTC-1,Clone2
CGAACATTCCGCGGTA-1,Clone1
CGAACATTCGAATCCA-1,Clone1
CGAACATTCGAGAGCA-1,Clone2
CGAATGTCACCCAGTG-1,Clone1
CGAATGTCACGGCTAC-1,Clone1
CGAATGTTCCAGTAGT-1,Clone2
CGACCTTAGAATAGGG-1,Clone1
CGACCTTTCTGGTATG-1,Clone2
CGACCTTTCTTCATGT-1,Clone1
CGACTTCAGAGACTAT-1,unassigned
CGACTTCAGGCGATAC-1,Clone2
CGACTTCGTCTCCACT-1,Clone2
CGACTTCTCATGGTCA-1,Clone1
CGAGAAGAGTCTCAAC-1,Clone1
CGAGCACAGGTGACCA-1,Clone1
CGAGCACCAAAGGTGC-1,Clone1
CGAGCACCAATAACGA-1,Clone1
CGAGCACGTCTCAACA-1,Clone1
CGAGCCACAAGGTTTC-1,Clone1
CGAGCCAGTAAATGTG-1,Clone1
CGAGCCAGTACCATCA-1,Clone1
CGAGCCATCGCCTGAG-1,Clone2
CGAGCCATCTACCAGA-1,Clone1
CGATCGGTCTCACATT-1,Clone1
CGATGGCGTGCGAAAC-1,Clone2
CGATGTAAGTACGCCC-1,Clone1
CGATGTACATCTACGA-1,Clone2
CGATGTAGTACTTAGC-1,Clone2
CGATGTAGTGTTGGGA-1,Clone2
CGATGTATCACTCTTA-1,Clone1
CGATGTATCGTACGGC-1,Clone1
CGATTGAAGCCACGTC-1,Clone1
CGATTGACAAGTCTAC-1,Clone1
CGATTGACACAACGTT-1,Clone1
CGATTGACATTGGCGC-1,Clone1
CGCCAAGAGCGATCCC-1,unassigned
CGCCAAGCAATCTACG-1,Clone2
CGCCAAGCATAACCTG-1,Clone1
CGCCAAGTCCAAGCCG-1,Clone2
CGCCAAGTCTAACTCT-1,Clone1
CGCGGTAAGATCACGG-1,Clone1
CGCGGTACACCAGGTC-1,Clone2
CGCGGTATCACCCTCA-1,Clone1
CGCGTTTAGAAACCGC-1,unassigned
CGCGTTTCAAGCCTAT-1,Clone2
CGCGTTTGTGAACCTT-1,Clone1
CGCGTTTTCTTTCCTC-1,Clone1
CGCTATCAGCAGGTCA-1,Clone1
CGCTATCCAAGTCATC-1,Clone2
CGCTATCGTGTGCCTG-1,Clone2
CGCTATCGTTGGTGGA-1,Clone1
CGCTATCTCAACTCTT-1,Clone1
CGCTATCTCAGTCCCT-1,Clone2
CGCTATCTCCCAAGTA-1,Clone2
CGCTGGACACGGTAGA-1,Clone2
CGCTGGAGTCGAAAGC-1,Clone2
CGCTTCACACCTGGTG-1,Clone1
CGCTTCACAGGCTCAC-1,Clone2
CGCTTCACATCTATGG-1,Clone1
CGCTTCAGTATGAATG-1,Clone1
CGGACACAGGCGATAC-1,Clone2
CGGACACGTACCCAAT-1,Clone1
CGGACACGTGTATGGG-1,Clone2
CGGACACTCTCGAGTA-1,Clone2
CGGACGTCAAACCTAC-1,Clone1
CGGACGTGTGAGTATA-1,Clone1
CGGACTGAGCTAAACA-1,Clone2
CGGACTGCATACAGCT-1,Clone1
CGGACTGTCGGAATCT-1,Clone2
CGGAGCTAGATATACG-1,Clone2
CGGAGCTCAATGCCAT-1,Clone1
CGGAGCTCATGCGCAC-1,Clone2
CGGAGCTCATGGTCTA-1,Clone1
CGGAGCTGTGAGCGAT-1,Clone1
CGGAGCTTCTCACATT-1,unassigned
CGGAGTCTCAGTTAGC-1,Clone1
CGGCTAGAGGACATTA-1,unassigned
CGGCTAGTCACGAAGG-1,Clone1
CGGCTAGTCCCTAACC-1,Clone1
CGGCTAGTCCGCATCT-1,Clone2
CGGTTAATCAGTCAGT-1,unassigned
CGTAGCGAGGAGTAGA-1,unassigned
CGTAGCGGTCGTTGTA-1,Clone2
CGTAGCGGTGAAAGAG-1,unassigned
CGTAGCGGTGTTGGGA-1,Clone1
CGTAGGCCATCTGGTA-1,Clone2
CGTAGGCTCTGTCTAT-1,Clone1
CGTCACTAGAAGGTGA-1,unassigned
CGTCACTGTACGCACC-1,Clone2
CGTCACTTCATGTAGC-1,Clone1
CGTCAGGCAGCTGTTA-1,Clone1
CGTCAGGCAGGCTGAA-1,Clone2
CGTCAGGCATGGAATA-1,Clone1
CGTCCATAGCGTAATA-1,Clone1
CGTCCATCAGGATCGA-1,Clone1
CGTCCATGTCAACATC-1,unassigned
CGTCCATGTGTGACGA-1,Clone2
CGTCCATGTTCATGGT-1,Clone2
CGTCCATTCAAGAAGT-1,Clone1
CGTCCATTCACATACG-1,Clone1
CGTCTACCAATCCAAC-1,Clone2
CGTCTACCAATCCGAT-1,Clone2
CGTCTACCAGGCGATA-1,Clone2
CGTCTACCAGGTCCAC-1,Clone2
CGTCTACGTGGGTCAA-1,unassigned
CGTGAGCAGACGCTTT-1,Clone2
CGTGAGCCAAGGACTG-1,Clone1
CGTGAGCCAGGCTCAC-1,Clone2
CGTGTCTAGGCAAAGA-1,Clone1
CGTGTCTAGTACGATA-1,Clone1
CGTGTCTTCGTTTGCC-1,Clone1
CGTTAGACAGGAACGT-1,Clone1
CGTTAGACATTCCTCG-1,Clone2
CGTTAGAGTGTCCTCT-1,unassigned
CGTTAGATCCTAAGTG-1,Clone2
CGTTAGATCTCTGAGA-1,Clone1
CGTTCTGAGAGGTACC-1,Clone2
CGTTCTGAGATAGTCA-1,Clone1
CGTTCTGCAAACCCAT-1,Clone1
CGTTCTGCAAGCCCAC-1,Clone2
CGTTCTGGTATCTGCA-1,Clone2
CGTTCTGTCGCAAGCC-1,Clone1
CTAACTTAGGGCTCTC-1,Clone1
CTAACTTCATGCCACG-1,Clone1
CTAACTTGTCGCTTTC-1,Clone1
CTAACTTGTGCAGTAG-1,Clone1
CTAACTTGTTCAGACT-1,Clone1
CTAACTTTCGTAGGTT-1,Clone2
CTAAGACAGCCTCGTG-1,Clone1
CTAAGACAGCGTCAAG-1,Clone1
CTAAGACCATGGTTGT-1,Clone2
CTAAGACGTTCCCTTG-1,Clone2
CTAAGACTCAGTACGT-1,Clone2
CTAATGGAGAGTCGGT-1,Clone2
CTAATGGAGCAAATCA-1,Clone2
CTAATGGAGCACGCCT-1,unassigned
CTAATGGCACATTTCT-1,Clone1
CTAATGGGTCTCTTAT-1,unassigned
CTAATGGTCGGTTAAC-1,Clone2
CTACACCCACTTACGA-1,Clone2
CTACACCGTAAACCTC-1,Clone2
CTACACCTCCGGCACA-1,Clone2
CTACACCTCCTGCTTG-1,Clone1
CTACATTAGTGGGCTA-1,Clone1
CTACATTCAATCCAAC-1,unassigned
CTACATTCATCTCGCT-1,Clone1
CTACATTGTTCAGACT-1,Clone1
CTACATTGTTCCCGAG-1,Clone1
CTACATTTCAGAGCTT-1,Clone2
CTACATTTCCATGCTC-1,Clone1
CTACATTTCCCGACTT-1,Clone2
CTACATTTCTGAGTGT-1,Clone2
CTACCCAAGTGGTAAT-1,Clone2
CTACCCACAGCCACCA-1,Clone1
CTACCCACATAAGACA-1,Clone2
CTACCCATCCTTTACA-1,Clone1
CTACGTCGTCTAAACC-1,Clone1
CTACGTCTCTCGAGTA-1,Clone1
CTACGTCTCTGGTATG-1,Clone1
CTAGAGTAGCTCCTTC-1,Clone1
CTAGAGTAGGATGGTC-1,unassigned
CTAGAGTGTCGGGTCT-1,Clone2
CTAGAGTTCCCAAGTA-1,Clone2
CTAGAGTTCCCTCTTT-1,Clone1
CTAGAGTTCTCAACTT-1,Clone1
CTAGCCTAGATGAGAG-1,Clone1
CTAGCCTAGGCAGGTT-1,Clone2
CTAGCCTAGTCACGCC-1,Clone2
CTAGCCTCAACACCTA-1,Clone2
CTAGCCTCACCATGTA-1,Clone1
CTAGCCTCATGGTAGG-1,Clone2
CTAGCCTGTAAATGAC-1,Clone1
CTAGCCTGTAGGCATG-1,Clone1
CTAGCCTGTGCAACGA-1,Clone1
CTAGTGAAGATATACG-1,Clone2
CTAGTGAAGCCCAGCT-1,Clone1
CTAGTGAAGCTGATAA-1,unassigned
CTAGTGACAAGCGCTC-1,Clone1
CTAGTGACAGATCTGT-1,Clone2
CTAGTGAGTCCTAGCG-1,Clone2
CTAGTGATCCAAACTG-1,Clone2
CTAGTGATCGGTGTCG-1,Clone2
CTCACACAGGACTGGT-1,Clone1
CTCACACAGTCAAGGC-1,Clone1
CTCACACCAAACGCGA-1,Clone1
CTCACACCAATCTGCA-1,Clone1
CTCACACCACACTGCG-1,Clone2
CTCACACCAGGACGTA-1,Clone2
CTCACACCATTGAGCT-1,Clone2
CTCACACGTAATCGTC-1,Clone2
CTCACACGTAGCGCTC-1,Clone1
CTCACACGTCAGAATA-1,Clone1
CTCACACGTTATGCGT-1,Clone2
CTCACACTCAGCATGT-1,unassigned
CTCAGAACACCACGTG-1,Clone1
CTCAGAACATCGGTTA-1,Clone1
CTCAGAATCACCGTAA-1,Clone1
CTCATTAAGAGTTGGC-1,Clone2
CTCATTACACACAGAG-1,Clone1
CTCATTACAGTTCCCT-1,unassigned
CTCATTATCACATGCA-1,unassigned
CTCATTATCGTTACAG-1,Clone1
CTCCTAGAGATGCCAG-1,Clone2
CTCCTAGAGGATGGAA-1,Clone1
CTCCTAGAGTCCGGTC-1,Clone1
CTCCTAGAGTTGAGAT-1,Clone1
CTCCTAGCAAAGTCAA-1,Clone1
CTCCTAGCACGAGGTA-1,Clone1
CTCCTAGCACTGTTAG-1,Clone2
CTCCTAGCATCTCGCT-1,Clone1
CTCCTAGCATTAGGCT-1,Clone1
CTCCTAGTCAATCACG-1,Clone2
CTCCTAGTCCCTGACT-1,Clone2
CTCGAAAAGAAGGGTA-1,unassigned
CTCGAAAAGACTTTCG-1,Clone2
CTCGAAAGTAGCTAAA-1,Clone1
CTCGAAAGTATCTGCA-1,Clone2
CTCGAAATCAGCTTAG-1,Clone2
CTCGAAATCTGTCAAG-1,Clone1
CTCGAGGAGAAACCAT-1,Clone2
CTCGAGGAGAATTGTG-1,Clone2
CTCGAGGAGGAGTACC-1,Clone2
CTCGAGGGTACTTCTT-1,Clone1
CTCGAGGGTAGCGTGA-1,Clone1
CTCGAGGGTCACTGGC-1,Clone1
CTCGAGGGTCTAACGT-1,Clone1
CTCGAGGGTGAAGGCT-1,unassigned
CTCGAGGGTTGAGTTC-1,Clone2
CTCGAGGTCAGTCCCT-1,Clone1
CTCGAGGTCCGCAAGC-1,Clone2
CTCGGAGTCCGCGTTT-1,Clone2
CTCGGGAAGTCCCACG-1,Clone2
CTCGGGACAATGCCAT-1,Clone2
CTCGTACAGGGCACTA-1,unassigned
CTCGTACCAAGTCATC-1,Clone1
CTCGTACCACCGAATT-1,Clone2
CTCGTACGTCACAAGG-1,Clone1
CTCGTACTCATCGGAT-1,Clone1
CTCGTCAAGACAGACC-1,Clone2
CTCGTCACAAACCCAT-1,Clone1
CTCGTCAGTAAGGATT-1,Clone1
CTCGTCATCACCTTAT-1,Clone1
CTCTAATAGCCAGAAC-1,Clone2
CTCTAATAGCGAAGGG-1,Clone2
CTCTACGCATCTCCCA-1,Clone1
CTCTACGCATTACCTT-1,Clone2
CTCTACGCATTTCAGG-1,Clone2
CTCTACGGTCAGATAA-1,unassigned
CTCTACGGTCTCGTTC-1,unassigned
CTCTACGGTGCACTTA-1,unassigned
CTCTACGGTTAAGATG-1,Clone2
CTCTACGTCACATGCA-1,Clone2
CTCTGGTGTCTAAACC-1,Clone2
CTGAAACCACCCATGG-1,Clone1
CTGAAACCAGACGCCT-1,Clone2
CTGAAACCAGATCTGT-1,Clone2
CTGAAACCATTTGCCC-1,Clone2
CTGAAACGTCCTCTTG-1,Clone1
CTGAAACGTTAGTGGG-1,Clone1
CTGAAGTCAGGTTTCA-1,Clone2
CTGAAGTTCACTATTC-1,Clone1
CTGAAGTTCCAGAAGG-1,Clone1
CTGAAGTTCCCAACGG-1,Clone1
CTGAAGTTCGGCGCTA-1,Clone1
CTGATAGAGAGATGAG-1,unassigned
CTGATCCAGCCGCCTA-1,Clone2
CTGATCCAGTTGTCGT-1,Clone1
CTGATCCCAGGACCCT-1,Clone1
CTGATCCCATCACCCT-1,Clone1
CTGATCCGTCCGAGTC-1,Clone1
CTGATCCGTCCTCTTG-1,Clone1
CTGCCTAAGCTAGTTC-1,Clone1
CTGCCTAAGGAGTACC-1,Clone2
CTGCCTACAAGTCTAC-1,Clone1
CTGCCTAGTACATCCA-1,unassigned
CTGCCTAGTCACCTAA-1,Clone1
CTGCCTATCAGGCAAG-1,Clone2
CTGCCTATCCTATTCA-1,Clone2
CTGCCTATCGATAGAA-1,Clone2
CTGCCTATCTTCGGTC-1,unassigned
CTGCGGAGTACCGTAT-1,Clone1
CTGCGGATCGGCGGTT-1,Clone1
CTGCTGTAGAAGGACA-1,Clone1
CTGCTGTAGGACCACA-1,Clone1
CTGCTGTAGTGGAGTC-1,Clone2
CTGCTGTCACCCAGTG-1,Clone2
CTGCTGTGTGCGGTAA-1,Clone2
CTGGTCTAGACAATAC-1,unassigned
CTGGTCTAGAGTAATC-1,Clone2
CTGGTCTTCATTCACT-1,Clone2
CTGTGCTAGGAGTTTA-1,Clone2
CTGTGCTGTTCCGTCT-1,Clone1
CTGTGCTTCTACTTAC-1,Clone2
CTGTTTACACCCTATC-1,Clone2
CTTAACTAGCTAACAA-1,Clone2
CTTAACTAGTCTTGCA-1,Clone2
CTTAACTCAGCGTCCA-1,Clone1
CTTAACTGTTCGAATC-1,Clone2
CTTAACTTCCCTGACT-1,Clone1
CTTACCGGTCACAAGG-1,Clone2
CTTAGGAAGCAGACTG-1,Clone1
CTTAGGAAGGAGCGAG-1,Clone2
CTTAGGAAGTACATGA-1,Clone1
CTTAGGACATAACCTG-1,Clone2
CTTAGGATCTACTATC-1,Clone1
CTTCTCTAGCACCGTC-1,Clone1
CTTCTCTTCACAGGCC-1,Clone1
CTTCTCTTCATGCTCC-1,Clone1
CTTGGCTCAAGCCGTC-1,Clone1
CTTGGCTGTAAGAGAG-1,Clone1
CTTGGCTGTTATCACG-1,Clone1
CTTTGCGAGTGTACTC-1,Clone2
CTTTGCGAGTGTGAAT-1,Clone1
CTTTGCGCAAACCTAC-1,Clone1
CTTTGCGCAGCTGTTA-1,Clone1
GAAACTCAGTGTTTGC-1,Clone2
GAAACTCCACGGCGTT-1,Clone2
GAAACTCCAGCTGCTG-1,Clone2
GAAACTCGTCCATGAT-1,Clone2
GAAACTCTCAAGAAGT-1,Clone2
GAAATGAAGGAACTGC-1,Clone2
GAAATGATCTGGTTCC-1,unassigned
GAACATCAGGCGATAC-1,Clone2
GAACATCCAAGTTAAG-1,Clone2
GAACATCGTCAACATC-1,Clone1
GAACATCTCCTGCCAT-1,Clone1
GAACATCTCGTTTATC-1,Clone1
GAACCTACAAGCTGAG-1,Clone2
GAACCTACAGGCTCAC-1,Clone2
GAACCTACATCGGGTC-1,Clone1
GAACCTACATGCTGGC-1,Clone1
GAACCTACATGGTAGG-1,Clone2
GAACCTATCATACGGT-1,Clone2
GAACGGAAGGGATGGG-1,Clone2
GAACGGACAATAGCAA-1,Clone2
GAACGGAGTAAGCACG-1,unassigned
GAACGGATCATGTCTT-1,Clone2
GAAGCAGCACATCTTT-1,Clone2
GAAGCAGCATAGAAAC-1,Clone2
GAAGCAGGTGACTCAT-1,Clone2
GAAGCAGGTGCGATAG-1,Clone1
GAAGCAGTCAACCATG-1,Clone1
GAATAAGAGACTTTCG-1,Clone1
GAATAAGAGCTAAACA-1,Clone2
GAATAAGCACGTAAGG-1,Clone1
GAATAAGCAGGGATTG-1,Clone1
GAATAAGGTTACGCGC-1,Clone1
GAATGAACAAGCCGCT-1,Clone2
GAATGAATCCTCAATT-1,Clone2
GAATGAATCGGTGTCG-1,Clone1
GACACGCAGATAGGAG-1,Clone2
GACACGCAGCTAGCCC-1,Clone2
GACACGCAGTTAACGA-1,Clone2
GACACGCAGTTTCCTT-1,Clone2
GACACGCCAAGCCGTC-1,Clone1
GACACGCGTAGAAAGG-1,Clone1
GACACGCGTATTCTCT-1,unassigned
GACACGCGTGCGAAAC-1,Clone1
GACAGAGCAAAGTCAA-1,Clone1
GACAGAGCAATCTACG-1,Clone2
GACAGAGCATGAGCGA-1,Clone1
GACAGAGCATGCCTTC-1,Clone1
GACAGAGGTACACCGC-1,Clone2
GACCAATAGAAACCTA-1,Clone1
GACCAATAGTCGTACT-1,unassigned
GACCAATTCGTAGGAG-1,Clone2
GACCTGGAGGAGCGTT-1,Clone2
GACCTGGTCCGCATCT-1,Clone1
GACCTGGTCGTTACGA-1,Clone2
GACGCGTCACCGAATT-1,Clone1
GACGCGTGTGACGCCT-1,Clone1
GACGCGTGTGGTCCGT-1,unassigned
GACGCGTTCAGCCTAA-1,Clone2
GACGGCTCAAGCCATT-1,unassigned
GACGGCTGTAGAGGAA-1,Clone2
GACGGCTGTTCGCTAA-1,Clone1
GACGGCTTCCGATATG-1,Clone1
GACGTGCCATCTATGG-1,Clone2
GACGTGCTCATGCTCC-1,unassigned
GACGTGCTCCTCATTA-1,Clone1
GACGTTAAGCCGTCGT-1,Clone1
GACGTTAAGGGCTCTC-1,Clone2
GACGTTACAAAGGTGC-1,Clone2
GACGTTACAATCTACG-1,Clone1
GACGTTATCCAGATCA-1,Clone2
GACGTTATCCTTAATC-1,Clone1
GACTAACAGACAGGCT-1,Clone1
GACTAACCAATGGATA-1,Clone2
GACTAACCAGTCACTA-1,Clone1
GACTAACGTGTGCCTG-1,Clone1
GACTAACGTTGGTAAA-1,Clone1
GACTAACTCAGATAAG-1,Clone1
GACTAACTCCTAGGGC-1,Clone2
GACTAACTCTGATTCT-1,Clone1
GACTACACAAATTGCC-1,Clone1
GACTACACAAGAGTCG-1,unassigned
GACTACACAGGCTCAC-1,Clone2
GACTACACATATACGC-1,Clone1
GACTACACATTTCACT-1,Clone1
GACTACAGTGTGCCTG-1,Clone2
GACTACATCATGCATG-1,Clone1
GACTACATCTGGCGTG-1,Clone2
GACTGCGAGCACGCCT-1,Clone2
GACTGCGAGTCGATAA-1,Clone2
GAGCAGAAGTACGCCC-1,Clone2
GAGCAGAGTTATGCGT-1,Clone1
GAGCAGATCCGTAGTA-1,Clone1
GAGGTGACAACCGCCA-1,Clone2
GAGGTGATCTTGCAAG-1,Clone1
GAGTCCGCAATCCAAC-1,Clone1
GAGTCCGCACAGACAG-1,Clone1
GAGTCCGGTCGCCATG-1,Clone1
GAGTCCGGTGAAATCA-1,Clone2
GAGTCCGTCGTCTGAA-1,Clone1
GAGTCCGTCTGCTGTC-1,Clone1
GATCAGTGTGAAATCA-1,Clone1
GATCAGTGTGCTCTTC-1,Clone1
GATCGATAGCCTTGAT-1,Clone2
GATCGATAGGAGTACC-1,Clone1
GATCGATCAAGGTTCT-1,Clone1
GATCGATCAGAGCCAA-1,Clone2
GATCGATCAGGACGTA-1,Clone1
GATCGCGAGTATGACA-1,unassigned
GATCGCGCAATCACAC-1,Clone1
GATCGCGGTCATGCAT-1,Clone1
GATCGCGGTGATGCCC-1,Clone1
GATCGCGGTGGTAACG-1,Clone2
GATCGTAAGTGGTCCC-1,Clone1
GATCGTACACACCGCA-1,unassigned
GATCGTACACCTTGTC-1,Clone1
GATCGTAGTCATATCG-1,unassigned
GATCGTAGTGACTACT-1,unassigned
GATCGTATCACGGTTA-1,Clone2
GATCGTATCCGAATGT-1,Clone2
GATCGTATCGCTTGTC-1,Clone1
GATCTAGCATCGGAAG-1,Clone1
GATCTAGCATGGTTGT-1,Clone1
GATCTAGGTCTTCAAG-1,Clone1
GATCTAGTCGAGGTAG-1,Clone2
GATGAAACACGGACAA-1,Clone2
GATGAAACAGCGAACA-1,Clone2
GATGAAACAGGTGGAT-1,unassigned
GATGAAATCGGCCGAT-1,Clone2
GATGAGGAGGCCCTTG-1,Clone1
GATGAGGAGTCACGCC-1,Clone1
GATGAGGAGTGAAGTT-1,Clone1
GATGAGGGTCTGGAGA-1,Clone2
GATGAGGTCGATAGAA-1,Clone1
GATGCTAAGACTACAA-1,Clone1
GATGCTAAGCCCTAAT-1,Clone2
GATGCTACAAACCCAT-1,Clone1
GATGCTACATTCTCAT-1,unassigned
GATGCTATCCATTCTA-1,Clone2
GATTCAGAGCTAGCCC-1,Clone1
GATTCAGCATCACCCT-1,Clone1
GATTCAGTCCAAATGC-1,Clone1
GCAAACTAGGACCACA-1,Clone2
GCAAACTAGTATCGAA-1,Clone1
GCAAACTCATGAACCT-1,Clone1
GCAAACTTCGTGACAT-1,unassigned
GCAAACTTCTTGTACT-1,unassigned
GCAATCAAGCCTTGAT-1,Clone2
GCAATCACAAACAACA-1,Clone1
GCAATCACACGTAAGG-1,Clone1
GCAATCACAGAAGCAC-1,Clone2
GCAATCACATCACAAC-1,Clone2
GCAATCACATGTAAGA-1,Clone2
GCAATCAGTATAGGTA-1,Clone1
GCACATAGTACCTACA-1,Clone1
GCACATAGTGATAAAC-1,Clone2
GCACATATCAGCGACC-1,unassigned
GCACATATCAGCGATT-1,Clone2
GCACATATCCAACCAA-1,Clone1
GCACATATCTCTGTCG-1,unassigned
GCACATATCTGCGTAA-1,Clone2
GCACTCTAGAAGGTTT-1,Clone1
GCACTCTAGCTAGTGG-1,Clone1
GCACTCTAGGCAGGTT-1,Clone1
GCACTCTCAAGTCTGT-1,Clone2
GCACTCTCACAGGAGT-1,Clone1
GCACTCTCATTAGCCA-1,Clone2
GCACTCTGTCACACGC-1,Clone2
GCACTCTGTGTAAGTA-1,Clone1
GCACTCTTCCTAAGTG-1,Clone1
GCACTCTTCTGCGGCA-1,Clone1
GCAGCCAAGATGCGAC-1,Clone2
GCAGCCAAGCAGACTG-1,Clone1
GCAGCCAAGTAGTGCG-1,Clone2
GCAGCCAGTCAAAGCG-1,Clone1
GCAGCCAGTGTTAAGA-1,unassigned
GCAGCCATCCACTGGG-1,Clone2
GCAGCCATCCAGAAGG-1,Clone1
GCAGCCATCGTCACGG-1,Clone1
GCAGTTAAGGTGCACA-1,Clone2
GCAGTTACACCGCTAG-1,Clone2
GCAGTTATCTAGCACA-1,Clone1
GCATACAAGGACGAAA-1,unassigned
GCATACAAGTAGGTGC-1,Clone1
GCATACAGTAAATACG-1,Clone2
GCATACAGTTCTGGTA-1,Clone2
GCATACATCAGCAACT-1,Clone2
GCATACATCCAGAGGA-1,Clone2
GCATACATCTAACTGG-1,Clone1
GCATACATCTCGCATC-1,Clone2
GCATGATAGAACAACT-1,Clone1
GCATGATCACCGCTAG-1,unassigned
GCATGATCATCGGACC-1,Clone1
GCATGATCATGAGCGA-1,Clone1
GCATGATCATTGCGGC-1,Clone1
GCATGATGTTTGTTTC-1,Clone1
GCATGCGAGCGACGTA-1,Clone1
GCATGCGAGCGATATA-1,Clone1
GCATGCGCATTACGAC-1,Clone2
GCATGCGGTAGCTTGT-1,Clone1
GCATGCGTCAGCGATT-1,Clone1
GCATGCGTCCACGTGG-1,unassigned
GCATGTAGTAGCGCAA-1,Clone2
GCATGTAGTGTTGAGG-1,Clone1
GCCAAATAGCACCGTC-1,Clone2
GCCAAATAGGCAGTCA-1,Clone1
GCCAAATCACGAGAGT-1,Clone2
GCCAAATCAGCTCGAC-1,Clone1
GCCAAATCAGTCCTTC-1,Clone1
GCCAAATCATATGGTC-1,unassigned
GCCAAATGTGGAAAGA-1,Clone2
GCCAAATGTGTGGTTT-1,Clone2
GCCAAATTCAGCAACT-1,Clone1
GCCAAATTCGCTTAGA-1,Clone1
GCCTCTAAGCTAGTCT-1,Clone1
GCCTCTACAGGTTTCA-1,unassigned
GCCTCTATCCGTAGGC-1,Clone2
GCGACCACAAATACAG-1,Clone2
GCGACCACACTTACGA-1,Clone1
GCGACCAGTACGCACC-1,unassigned
GCGACCAGTCGAGATG-1,Clone2
GCGACCATCAACACGT-1,Clone2
GCGACCATCGGACAAG-1,Clone2
GCGAGAACATTGGCGC-1,Clone2
GCGAGAAGTATTACCG-1,Clone1
GCGAGAAGTCATACTG-1,Clone1
GCGCAACAGGAGTACC-1,Clone2
GCGCAACAGTACGTTC-1,Clone2
GCGCAACCAGCCTGTG-1,unassigned
GCGCAACCATTGAGCT-1,Clone1
GCGCAACTCGCCAAAT-1,Clone1
GCGCAGTAGCGTGTCC-1,Clone1
GCGCAGTCATCACCCT-1,Clone1
GCGCAGTGTACTCTCC-1,Clone2
GCGCAGTGTCTTGATG-1,Clone1
GCGCAGTGTGGCAAAC-1,Clone2
GCGCAGTTCTCTGAGA-1,unassigned
GCGCCAAGTACTCTCC-1,Clone2
GCGCCAATCCGTTGTC-1,Clone1
GCGCCAATCTCGCATC-1,Clone1
GCGCGATAGTCCTCCT-1,unassigned
GCGCGATCATGCGCAC-1,Clone1
GCGCGATGTCTAGGTT-1,Clone1
GCGCGATTCTGCTTGC-1,Clone2
GCGCGATTCTTACCTA-1,Clone1
GCTCCTAAGCTGCGAA-1,Clone2
GCTCCTAAGGCACATG-1,Clone1
GCTCCTACAAAGTCAA-1,Clone1
GCTCCTACATGGAATA-1,Clone1
GCTCCTATCCCGACTT-1,Clone1
GCTCCTATCCGCTGTT-1,Clone2
GCTCCTATCCTTTCTC-1,Clone1
GCTCTGTAGTACGATA-1,Clone2
GCTCTGTTCACTTCAT-1,Clone1
GCTGCAGCATCTACGA-1,Clone1
GCTGCAGGTTTAAGCC-1,Clone1
GCTGCAGTCCACGTGG-1,Clone2
GCTGCGAGTACCGTTA-1,Clone1
GCTGCGATCTGAGTGT-1,Clone1
GCTGCTTAGGCTCTTA-1,unassigned
GCTGCTTCAAGCGATG-1,Clone1
GCTGCTTTCATCTGCC-1,Clone1
GCTGCTTTCGCCAGCA-1,Clone2
GCTTCCACAAACGCGA-1,Clone1
GCTTCCACATTATCTC-1,Clone2
GCTTCCATCCTAGTGA-1,Clone1
GCTTGAAAGACTGTAA-1,Clone2
GCTTGAAAGATATGGT-1,Clone2
GGAAAGCAGATCTGAA-1,Clone2
GGAAAGCAGGAGTAGA-1,Clone2
GGAAAGCAGGCATGGT-1,Clone1
GGAAAGCCAAGCCGCT-1,Clone2
GGAAAGCGTGAGTGAC-1,Clone1
GGAAAGCTCTGACCTC-1,Clone2
GGAACTTAGATGCGAC-1,Clone2
GGAACTTAGCTAGTGG-1,Clone2
GGAACTTCAGTTCCCT-1,unassigned
GGAACTTTCAAACAAG-1,Clone1
GGAACTTTCACATAGC-1,Clone1
GGAATAACATCGATGT-1,Clone2
GGAATAAGTGGCAAAC-1,Clone2
GGAATAATCCGAACGC-1,Clone2
GGAATAATCGCATGGC-1,Clone1
GGAATAATCTGCTGCT-1,Clone2
GGACAAGCAAATTGCC-1,Clone2
GGACAAGCAACACGCC-1,Clone2
GGACAAGCAAGGGTCA-1,unassigned
GGACAAGCAAGGTTCT-1,Clone2
GGACAAGCACTAAGTC-1,Clone2
GGACAAGGTGTTGAGG-1,Clone2
GGACAAGTCTGTGCAA-1,Clone2
GGACAGAAGCTGATAA-1,unassigned
GGACAGACAGTAAGAT-1,Clone1
GGACATTCAAGTCTGT-1,Clone1
GGACATTGTATCTGCA-1,Clone1
GGACATTGTTGCGTTA-1,Clone2
GGACATTTCAGAGCTT-1,Clone1
GGACATTTCCGTCAAA-1,Clone1
GGACGTCAGAACAATC-1,Clone1
GGACGTCAGCCAGAAC-1,Clone2
GGACGTCCACCACCAG-1,Clone2
GGAGCAACATCTCCCA-1,unassigned
GGAGCAACATGAACCT-1,Clone1
GGAGCAAGTCGCATAT-1,Clone1
GGAGCAATCCAGTAGT-1,Clone1
GGAGCAATCTTGCAAG-1,Clone1
GGATGTTAGTCACGCC-1,Clone2
GGATGTTGTCCGCTGA-1,Clone1
GGATGTTGTCGGCACT-1,Clone2
GGATGTTTCCTTGCCA-1,Clone2
GGATTACCACGGACAA-1,Clone1
GGATTACCATCGGTTA-1,Clone1
GGATTACCATTCACTT-1,Clone2
GGATTACGTACCGAGA-1,Clone1
GGATTACTCCTCAATT-1,Clone2
GGATTACTCTATCCTA-1,Clone1
GGCAATTGTATAAACG-1,Clone1
GGCAATTGTTAGGGTG-1,Clone2
GGCAATTTCTTGCCGT-1,Clone1
GGCCGATTCCGGCACA-1,Clone1
GGCCGATTCTCCGGTT-1,Clone1
GGCGACTAGCCACGTC-1,Clone2
GGCGACTGTAATCGTC-1,Clone1
GGCGACTTCTGCGACG-1,Clone1
GGCGTGTCACTCTGTC-1,Clone1
GGCTCGAAGTGTTTGC-1,Clone2
GGCTCGAGTTCTGTTT-1,Clone1
GGCTCGATCAATACCG-1,Clone1
GGCTGGTAGGATGCGT-1,Clone2
GGCTGGTCAACTGCGC-1,Clone1
GGCTGGTCAATGACCT-1,unassigned
GGCTGGTTCACTTCAT-1,Clone1
GGCTGGTTCCCTAATT-1,Clone2
GGCTGGTTCGGCGCAT-1,Clone2
GGCTGGTTCTCGAGTA-1,Clone1
GGGAATGCAAACGCGA-1,Clone2
GGGAATGGTCTCTTTA-1,Clone2
GGGAATGGTTTCGCTC-1,Clone2
GGGAATGTCTCGCATC-1,Clone1
GGGACCTGTAGCGATG-1,Clone1
GGGACCTGTGTGTGCC-1,Clone1
GGGACCTTCACGCATA-1,Clone1
GGGACCTTCGCAAGCC-1,Clone1
GGGAGATTCGAGCCCA-1,Clone1
GGGATGAAGACCCACC-1,Clone2
GGGATGACAGTATAAG-1,Clone1
GGGATGATCTGGCGAC-1,Clone2
GGGCACTCAAGCCCAC-1,Clone1
GGGCACTCACTGTTAG-1,Clone1
GGGCACTCATATACCG-1,Clone1
GGGCACTTCTCTGAGA-1,Clone2
GGGCATCAGGTTCCTA-1,Clone2
GGGCATCCAACTGCGC-1,unassigned
GGGCATCTCATGTCCC-1,Clone2
GGGCATCTCGCGTAGC-1,Clone1
GGGTCTGAGATTACCC-1,Clone1
GGGTCTGCACAACGTT-1,Clone2
GGGTCTGTCGCGGATC-1,Clone2
GGGTTGCAGAGTGACC-1,Clone1
GGGTTGCTCCTGCAGG-1,Clone2
GGTATTGAGCGTGAAC-1,Clone2
GGTATTGCAAGAAAGG-1,Clone1
GGTATTGCACCCATTC-1,Clone1
GGTATTGCAGCCAGAA-1,Clone2
GGTATTGTCAAGGCTT-1,Clone1
GGTGAAGCAGGGATTG-1,Clone2
GGTGAAGTCATCTGTT-1,Clone1
GGTGCGTAGATACACA-1,Clone1
GGTGTTAAGAAACCGC-1,Clone2
GGTGTTAGTCCAACTA-1,Clone2
GGTGTTATCGCAAGCC-1,unassigned
GTAACGTAGGACAGCT-1,Clone2
GTAACGTGTGCCTGCA-1,Clone1
GTAACGTTCAGGCCCA-1,Clone2
GTAACGTTCTAACTTC-1,Clone2
GTAACTGAGACACTAA-1,Clone2
GTAACTGAGATAGGAG-1,Clone1
GTAACTGCACACGCTG-1,Clone1
GTAACTGGTACTTCTT-1,Clone1
GTAACTGGTTACCGAT-1,Clone1
GTACGTAAGAAACCTA-1,Clone2
GTACGTAAGGTAGCTG-1,Clone1
GTACGTAAGTCCAGGA-1,Clone1
GTACGTATCGAATCCA-1,Clone2
GTACTCCAGGTCGGAT-1,Clone2
GTACTCCCACGCCAGT-1,Clone2
GTACTCCCAGAGTGTG-1,Clone2
GTACTCCCAGGGCATA-1,unassigned
GTACTCCGTGTGGTTT-1,Clone2
GTACTCCGTGTTTGTG-1,Clone1
GTACTCCTCAGCAACT-1,Clone1
GTACTCCTCAGGCAAG-1,Clone1
GTACTTTCAACACCCG-1,Clone1
GTACTTTCAGCTGCTG-1,Clone1
GTACTTTCAGCTGTGC-1,Clone2
GTACTTTCATGTCTCC-1,Clone1
GTACTTTTCAAAGTAG-1,Clone1
GTACTTTTCCACGCAG-1,Clone1
GTACTTTTCTTGCAAG-1,Clone1
GTAGGCCAGAAACCAT-1,Clone1
GTAGGCCAGCGATCCC-1,Clone1
GTAGGCCCACAGATTC-1,Clone2
GTAGGCCCAGGGTTAG-1,Clone2
GTAGTCAAGTCCGTAT-1,Clone1
GTAGTCATCGGTCCGA-1,unassigned
GTATCTTAGCAATATG-1,Clone1
GTATCTTCAATTGCTG-1,Clone1
GTATCTTCACCGTTGG-1,Clone1
GTATCTTGTATATCCG-1,Clone1
GTATTCTCAATGTAAG-1,Clone2
GTATTCTCACACCGAC-1,Clone2
GTATTCTCACATTCGA-1,unassigned
GTATTCTTCACGCGGT-1,Clone1
GTATTCTTCGTCCGTT-1,Clone1
GTATTCTTCTCTAGGA-1,Clone1
GTCAAGTAGTGCAAGC-1,Clone1
GTCAAGTCACGACTCG-1,Clone1
GTCAAGTCACTGTGTA-1,Clone2
GTCAAGTCAGAGCCAA-1,Clone2
GTCAAGTTCTTGCCGT-1,Clone2
GTCACAAAGAAGAAGC-1,Clone1
GTCACAAAGGTAAACT-1,unassigned
GTCACAAAGTGGACGT-1,unassigned
GTCACAAAGTTTAGGA-1,Clone1
GTCACAAGTCCTCTTG-1,Clone1
GTCACAAGTCGACTGC-1,Clone1
GTCACAAGTGGTTTCA-1,Clone1
GTCACGGCACATGTGT-1,Clone1
GTCACGGGTCGGCATC-1,Clone2
GTCACGGGTCTCCCTA-1,Clone2
GTCACGGGTTTGTTTC-1,Clone1
GTCACGGTCGCCAAAT-1,unassigned
GTCATTTAGTCCAGGA-1,Clone1
GTCATTTCATCGACGC-1,unassigned
GTCATTTGTAAATACG-1,Clone1
GTCATTTTCCTTTCGG-1,Clone1
GTCATTTTCTGTGCAA-1,unassigned
GTCCTCAAGTCGTTTG-1,Clone2
GTCGGGTTCTCTAGGA-1,Clone2
GTCGTAAAGATGTGGC-1,unassigned
GTCGTAAAGCTCCTTC-1,Clone1
GTCGTAATCTTGCCGT-1,unassigned
GTCTCGTAGAGTAATC-1,unassigned
GTCTCGTCAAGGTGTG-1,Clone1
GTCTCGTTCCGCGCAA-1,Clone1
GTCTTCGGTACCCAAT-1,Clone2
GTCTTCGTCGCGGATC-1,Clone1
GTGAAGGAGACAAAGG-1,Clone2
GTGAAGGAGTCGTACT-1,Clone1
GTGAAGGAGTTACCCA-1,Clone2
GTGAAGGCAGGAATGC-1,Clone1
GTGAAGGGTATGGTTC-1,Clone2
GTGAAGGTCGCTTGTC-1,Clone1
GTGCATAAGTTAACGA-1,Clone1
GTGCATATCAACCATG-1,Clone2
GTGCGGTAGACACTAA-1,Clone1
GTGCTTCAGATAGCAT-1,Clone1
GTGCTTCAGCAGATCG-1,Clone1
GTGCTTCCAGTTTACG-1,Clone1
GTGCTTCTCAACGGCC-1,Clone1
GTGCTTCTCAAGCCTA-1,Clone2
GTGCTTCTCCTGTACC-1,Clone2
GTGTGCGCACAGTCGC-1,Clone1
GTGTGCGCACTATCTT-1,Clone2
GTGTGCGGTGCGGTAA-1,unassigned
GTGTTAGAGTAGGCCA-1,Clone1
GTGTTAGCACAGCCCA-1,Clone2
GTGTTAGTCCAGTAGT-1,Clone1
GTTAAGCAGTTGAGTA-1,Clone1
GTTAAGCCAGTTAACC-1,unassigned
GTTAAGCGTGTATGGG-1,unassigned
GTTAAGCTCAGTTAGC-1,Clone1
GTTACAGAGCCCAATT-1,Clone2
GTTACAGCAGATCTGT-1,Clone2
GTTACAGCAGCTGTGC-1,Clone1
GTTACAGCATTGTGCA-1,Clone1
GTTACAGTCCGTCAAA-1,Clone1
GTTCATTAGGAGTTGC-1,Clone2
GTTCATTAGTAATCCC-1,unassigned
GTTCATTCATCGACGC-1,Clone1
GTTCATTGTGTGAAAT-1,Clone2
GTTCGGGCACGACTCG-1,Clone2
GTTCGGGCATGTAGTC-1,Clone1
GTTCGGGTCGGATGTT-1,Clone1
GTTCTCGAGACTAAGT-1,Clone2
GTTCTCGAGATGCCTT-1,Clone1
GTTCTCGCACCGAAAG-1,Clone1
GTTCTCGCATCCCACT-1,Clone2
GTTCTCGTCTCGCTTG-1,Clone2
GTTCTCGTCTTTAGTC-1,Clone1
GTTTCTAAGGGCTTCC-1,Clone2
GTTTCTAAGTTAACGA-1,Clone1
GTTTCTACAGCTCGCA-1,Clone1
GTTTCTATCTGGCGTG-1,unassigned
TAAACCGCAAAGGTGC-1,Clone1
TAAACCGGTAAATGAC-1,Clone1
TAAACCGGTTAGATGA-1,Clone1
TAAGAGAAGCGATAGC-1,Clone2
TAAGAGAAGGAGTTTA-1,Clone2
TAAGAGATCCTCAATT-1,Clone2
TAAGAGATCCTGCAGG-1,Clone1
TAAGAGATCTAACTTC-1,Clone1
TAAGCGTAGACGCACA-1,Clone2
TAAGCGTAGCGATCCC-1,Clone1
TAAGCGTCAAACCCAT-1,Clone1
TAAGCGTCAGCGTAAG-1,Clone2
TAAGCGTGTCCGAAGA-1,Clone2
TAAGCGTTCCTTTCTC-1,Clone1
TAAGTGCAGGCTACGA-1,Clone1
TAAGTGCCACGCATCG-1,Clone1
TAAGTGCGTCTTTCAT-1,Clone1
TAAGTGCGTTCAGCGC-1,Clone2
TACACGAAGGGTGTGT-1,unassigned
TACACGACAAGTTGTC-1,Clone1
TACACGACACGTGAGA-1,Clone1
TACACGACATACTCTT-1,Clone1
TACACGAGTTTGTTGG-1,unassigned
TACACGATCAGTACGT-1,Clone1
TACAGTGAGAATCTCC-1,Clone1
TACAGTGAGCTGCGAA-1,unassigned
TACAGTGGTGTTCGAT-1,unassigned
TACAGTGTCAGTCCCT-1,Clone2
TACAGTGTCCGCGGTA-1,Clone1
TACAGTGTCTCTGAGA-1,Clone2
TACCTATAGAGCCTAG-1,Clone2
TACCTATGTCACAAGG-1,Clone1
TACCTATGTTTCCACC-1,Clone2
TACCTATGTTTGGGCC-1,Clone2
TACCTATTCAGCTCGG-1,Clone2
TACCTTACAACGATCT-1,Clone2
TACCTTACACTTACGA-1,Clone2
TACCTTACATGGTAGG-1,Clone2
TACCTTAGTCTAAAGA-1,Clone2
TACCTTAGTTCTGAAC-1,Clone1
TACGGATAGGTGTTAA-1,Clone2
TACGGATCACAAGTAA-1,Clone1
TACGGATCATGTAGTC-1,Clone1
TACGGGCCAATCTACG-1,unassigned
TACGGGCCACCAGGTC-1,unassigned
TACGGGCCAGTTCATG-1,Clone1
TACGGTATCAGCAACT-1,Clone1
TACTCATTCAAACGGG-1,Clone1
TACTCATTCCGTAGGC-1,Clone2
TACTCGCAGAAACGCC-1,Clone1
TACTCGCCAATAGCAA-1,Clone1
TACTCGCCACAACTGT-1,Clone1
TACTCGCGTCTCTTTA-1,unassigned
TACTCGCGTTGCCTCT-1,Clone2
TACTCGCGTTTAAGCC-1,Clone1
TACTCGCTCACAATGC-1,Clone2
TACTTACAGCCAGTTT-1,Clone1
TACTTACCACGACGAA-1,Clone2
TACTTACCATTCCTCG-1,Clone2
TACTTACGTAGTAGTA-1,Clone1
TACTTGTAGTGTGGCA-1,Clone2
TACTTGTGTCAATGTC-1,Clone1
TACTTGTGTCGACTAT-1,Clone1
TACTTGTGTTACGTCA-1,unassigned
TACTTGTTCCGTAGTA-1,Clone2
TACTTGTTCCTGCTTG-1,Clone2
TACTTGTTCGCTTGTC-1,Clone1
TAGACCACACGACTCG-1,Clone2
TAGACCATCACCATAG-1,Clone2
TAGACCATCATTGCCC-1,Clone1
TAGAGCTGTATATGGA-1,Clone2
TAGCCGGCAAGTCTAC-1,Clone1
TAGCCGGCAGCCAATT-1,Clone1
TAGCCGGTCGGCATCG-1,Clone1
TAGGCATAGAATCTCC-1,Clone2
TAGGCATAGCGATAGC-1,Clone1
TAGGCATAGGCCGAAT-1,Clone2
TAGGCATGTGCAACTT-1,Clone2
TAGGCATTCTAAGCCA-1,Clone2
TAGTGGTAGAAGGACA-1,Clone1
TAGTGGTAGCGTGAGT-1,Clone1
TAGTGGTCAGACGCCT-1,Clone1
TAGTGGTGTCATTAGC-1,Clone2
TAGTGGTTCTGAAAGA-1,Clone2
TAGTTGGAGATAGCAT-1,Clone1
TAGTTGGAGCAGCGTA-1,Clone1
TAGTTGGAGCCGGTAA-1,Clone2
TAGTTGGCATATGAGA-1,Clone1
TAGTTGGCATGATCCA-1,Clone2
TATCAGGAGAATAGGG-1,Clone1
TATCAGGCAAGCCGTC-1,unassigned
TATCAGGCACAAGCCC-1,Clone1
TATCAGGCACTCAGGC-1,Clone1
TATCAGGCAGTAGAGC-1,Clone1
TATCAGGCATCTGGTA-1,Clone2
TATCAGGCATGCAACT-1,Clone2
TATCAGGCATTGGGCC-1,Clone2
TATCAGGTCATTATCC-1,unassigned
TATCAGGTCTGACCTC-1,Clone2
TATCAGGTCTGGTATG-1,Clone1
TATCTCAAGAAGAAGC-1,Clone1
TATCTCACACCAGGCT-1,Clone1
TATCTCACATTTCACT-1,Clone1
TATCTCAGTAGAAGGA-1,Clone1
TATCTCATCATTCACT-1,Clone1
TATCTCATCGTTGACA-1,Clone2
TATGCCCAGCCACTAT-1,Clone2
TATGCCCAGCGCCTCA-1,Clone2
TATGCCCGTAATCGTC-1,Clone2
TATGCCCTCAACACCA-1,Clone2
TATTACCAGTCGCCGT-1,unassigned
TATTACCCAAGCCCAC-1,Clone1
TATTACCCAGCTTCGG-1,Clone2
TATTACCCATCCCACT-1,Clone1
TATTACCTCCAAACTG-1,Clone2
TATTACCTCTACCTGC-1,Clone1
TCAACGAAGTCAATAG-1,Clone2
TCAACGACATACGCCG-1,unassigned
TCAACGATCTATCCTA-1,Clone1
TCAATCTCATAAAGGT-1,Clone1
TCAATCTCATTCTCAT-1,Clone2
TCAATCTGTCCGAATT-1,unassigned
TCAATCTTCCTTGACC-1,Clone2
TCACAAGAGGCGATAC-1,Clone2
TCACAAGCAAATACAG-1,unassigned
TCACAAGGTCACCCAG-1,unassigned
TCACAAGGTGACTCAT-1,Clone2
TCACAAGTCACGGTTA-1,Clone2
TCACGAAAGTGTCTCA-1,Clone2
TCACGAACAGGATCGA-1,Clone1
TCACGAATCGGCGGTT-1,Clone1
TCAGATGAGACCTTTG-1,Clone2
TCAGATGAGCGGATCA-1,Clone2
TCAGATGAGCTGCAAG-1,Clone2
TCAGATGAGTACACCT-1,Clone1
TCAGATGCACCGATAT-1,unassigned
TCAGATGGTTGCGTTA-1,Clone1
TCAGATGTCACGATGT-1,Clone2
TCAGATGTCCGCGTTT-1,Clone2
TCAGCAACATTTCACT-1,unassigned
TCAGCAATCGGCGCAT-1,Clone1
TCAGCTCAGACAGACC-1,Clone2
TCAGCTCAGCATGGCA-1,Clone1
TCAGCTCAGTCACGCC-1,unassigned
TCAGCTCCATCCGGGT-1,Clone1
TCAGCTCCATGGGAAC-1,Clone1
TCAGCTCGTAGCGATG-1,Clone1
TCAGCTCGTTACCGAT-1,Clone2
TCAGCTCGTTCGTTGA-1,Clone1
TCAGCTCTCACGATGT-1,Clone1
TCAGCTCTCTATCGCC-1,Clone1
TCAGGATAGTTACGGG-1,Clone2
TCAGGATGTTTGTTGG-1,unassigned
TCAGGATTCAACACAC-1,Clone2
TCAGGTACAAGGACTG-1,Clone2
TCAGGTACACAACTGT-1,Clone1
TCAGGTACATAACCTG-1,Clone1
TCAGGTACATCTATGG-1,Clone1
TCAGGTAGTTGTCTTT-1,Clone1
TCAGGTATCATAACCG-1,Clone2
TCATTACCAAAGCGGT-1,Clone1
TCATTACCAGCATGAG-1,Clone1
TCATTACGTAAACACA-1,Clone2
TCATTACGTACGAAAT-1,Clone2
TCATTACTCTCTTATG-1,unassigned
TCATTTGAGCACCGCT-1,Clone1
TCATTTGAGGCCCTTG-1,unassigned
TCATTTGAGTTAACGA-1,Clone2
TCATTTGCACGGCGTT-1,Clone1
TCATTTGCATGTAGTC-1,unassigned
TCATTTGGTTTGGCGC-1,unassigned
TCCACACAGCAGGCTA-1,Clone2
TCCACACAGCCTTGAT-1,Clone1
TCCACACAGGTGATAT-1,Clone2
TCCACACAGTAGCGGT-1,Clone1
TCCACACCAGTGGGAT-1,Clone1
TCCACACGTAGATTAG-1,Clone1
TCCACACGTAGCTGCC-1,Clone2
TCCACACGTAGGGTAC-1,Clone2
TCCACACGTCATATGC-1,Clone1
TCCACACGTCGTTGTA-1,unassigned
TCCACACGTTAAGACA-1,Clone1
TCCACACTCGCGGATC-1,unassigned
TCCACACTCGGCATCG-1,Clone1
TCCCGATAGATCTGAA-1,Clone2
TCCCGATCATTGCGGC-1,Clone1
TCCCGATTCAGAGCTT-1,Clone2
TCGAGGCCAAAGGTGC-1,unassigned
TCGAGGCTCTGTCTAT-1,Clone2
TCGCGAGTCTTTAGTC-1,Clone1
TCGCGTTAGGTGCACA-1,Clone1
TCGCGTTGTCTAGCGC-1,Clone2
TCGCGTTTCCTCATTA-1,Clone1
TCGGGACAGCACCGCT-1,Clone2
TCGGGACGTGGTTTCA-1,Clone2
TCGGTAACAAGCTGTT-1,Clone1
TCGGTAACACCCATTC-1,Clone1
TCGGTAAGTGTGACGA-1,Clone1
TCGGTAATCTACCTGC-1,unassigned
TCGTACCAGATGCGAC-1,Clone2
TCGTACCAGCACCGTC-1,unassigned
TCGTAGAGTCTTTCAT-1,Clone1
TCGTAGATCTAGCACA-1,Clone1
TCTATTGGTCCGACGT-1,Clone1
TCTATTGGTGCTTCTC-1,Clone1
TCTATTGTCAGTGTTG-1,Clone1
TCTATTGTCGTACCGG-1,Clone1
TCTATTGTCGTTTAGG-1,unassigned
TCTCATAAGTTAGCGG-1,Clone1
TCTCATACAACTTGAC-1,Clone2
TCTCATACATGTCTCC-1,unassigned
TCTCTAAAGCTTTGGT-1,Clone1
TCTCTAAGTGTGCCTG-1,Clone2
TCTCTAAGTTCCATGA-1,Clone1
TCTCTAATCAAGAAGT-1,Clone2
TCTCTAATCACGCGGT-1,Clone1
TCTCTAATCGCACTCT-1,Clone2
TCTCTAATCGTTGCCT-1,unassigned
TCTGAGAGTGCTCTTC-1,unassigned
TCTGGAACACAGAGGT-1,unassigned
TCTGGAACACTGTGTA-1,unassigned
TCTGGAAGTGATAAGT-1,Clone2
TCTGGAATCGTTTAGG-1,Clone2
TCTGGAATCTGGTATG-1,Clone2
TCTTCGGAGACCTAGG-1,Clone1
TCTTCGGAGACTAAGT-1,Clone2
TCTTCGGAGTTCGCGC-1,Clone1
TCTTCGGAGTTTAGGA-1,unassigned
TCTTCGGCAGATAATG-1,Clone1
TCTTCGGCATGGTCAT-1,Clone2
TCTTCGGTCACCGTAA-1,unassigned
TCTTCGGTCCACGTTC-1,Clone1
TCTTTCCAGACTCGGA-1,Clone1
TCTTTCCCATGCTGGC-1,Clone1
TCTTTCCTCCTTTCGG-1,Clone1
TGACAACAGAATTCCC-1,Clone1
TGACAACAGTATCGAA-1,Clone2
TGACAACTCACCCGAG-1,Clone1
TGACAACTCAGCGATT-1,Clone1
TGACGGCAGACCTAGG-1,Clone2
TGACGGCAGGTAAACT-1,Clone2
TGACGGCGTTAGGGTG-1,Clone1
TGACTAGCATCGGAAG-1,Clone1
TGACTAGGTCCAGTGC-1,Clone1
TGACTAGGTCGCGAAA-1,Clone2
TGACTAGGTGACTACT-1,Clone1
TGACTAGGTTGCGTTA-1,Clone1
TGACTTTTCCATGAGT-1,Clone1
TGAGAGGAGGATTCGG-1,Clone2
TGAGAGGCATGACATC-1,Clone2
TGAGAGGGTGGTACAG-1,Clone1
TGAGCATGTCAAAGAT-1,Clone1
TGAGCATGTCGACTAT-1,Clone1
TGAGCCGAGATCACGG-1,Clone1
TGAGCCGAGTACGCCC-1,Clone1
TGAGCCGCACATTCGA-1,Clone2
TGAGCCGGTCCATCCT-1,Clone1
TGAGCCGTCATTGCCC-1,unassigned
TGAGCCGTCTAGAGTC-1,Clone1
TGAGGGAAGATCTGCT-1,Clone1
TGAGGGATCAGTTTGG-1,Clone2
TGATTTCAGGCCCTCA-1,Clone1
TGATTTCAGTAGTGCG-1,Clone1
TGATTTCAGTTGTCGT-1,Clone1
TGATTTCGTAAAGTCA-1,Clone2
TGATTTCTCCAAAGTC-1,Clone1
TGATTTCTCCATTCTA-1,Clone2
TGCACCTAGCCCAATT-1,Clone1
TGCACCTCAACCGCCA-1,Clone1
TGCACCTCAAGCCTAT-1,Clone2
TGCACCTCATAGACTC-1,Clone1
TGCACCTCATGACATC-1,Clone1
TGCACCTGTACTCAAC-1,Clone1
TGCCAAAAGACAAGCC-1,Clone1
TGCCAAAAGAGGTACC-1,Clone1
TGCCAAAAGTCAAGGC-1,Clone1
TGCCAAAAGTGACTCT-1,Clone1
TGCCAAACAAGTCTAC-1,Clone2
TGCCAAACACGAGAGT-1,Clone2
TGCCAAAGTAAATGTG-1,Clone1
TGCCAAAGTACGCACC-1,Clone1
TGCCAAATCCAGTATG-1,unassigned
TGCCAAATCTAACGGT-1,Clone2
TGCCCATGTATCAGTC-1,Clone1
TGCCCTAAGCCCAATT-1,Clone2
TGCCCTAAGGCGCTCT-1,unassigned
TGCCCTACAGCGTTCG-1,unassigned
TGCCCTAGTCTAGAGG-1,Clone2
TGCCCTAGTCTCTCTG-1,Clone1
TGCCCTAGTGATGTCT-1,Clone2
TGCCCTATCGCATGGC-1,Clone1
TGCGCAGCACAACTGT-1,Clone2
TGCGCAGTCATCGATG-1,Clone2
TGCGGGTTCGCGTTTC-1,Clone2
TGCGTGGGTTCGCGAC-1,Clone1
TGCGTGGTCACTCCTG-1,Clone2
TGCTACCAGGCTAGAC-1,Clone1
TGCTACCCACAGCCCA-1,Clone2
TGCTACCCAGGGTTAG-1,Clone1
TGCTACCGTCCGTCAG-1,Clone2
TGCTACCTCAAGAAGT-1,Clone1
TGCTACCTCACAAACC-1,Clone1
TGCTACCTCTTGAGGT-1,Clone2
TGCTACCTCTTGTCAT-1,Clone2
TGCTGCTCAACCGCCA-1,Clone2
TGCTGCTTCGCCGTGA-1,Clone1
TGCTGCTTCGGCGGTT-1,Clone1
TGCTGCTTCTGCCCTA-1,Clone1
TGGACGCCATTGCGGC-1,Clone1
TGGACGCGTAACGCGA-1,Clone1
TGGACGCGTCAGCTAT-1,unassigned
TGGCCAGAGCTAGGCA-1,Clone2
TGGCCAGAGGTCATCT-1,Clone1
TGGCCAGCATCGGGTC-1,Clone1
TGGCCAGGTTGATTCG-1,Clone2
TGGCCAGTCGCCTGTT-1,Clone1
TGGCCAGTCGGCGGTT-1,Clone2
TGGCGCACAAGAGGCT-1,Clone2
TGGCGCAGTACTCAAC-1,Clone1
TGGCTGGAGGCAATTA-1,Clone2
TGGCTGGCATGTCGAT-1,unassigned
TGGCTGGCATTTGCCC-1,Clone2
TGGGAAGAGCTGTTCA-1,unassigned
TGGGAAGAGTGCGTGA-1,Clone2
TGGGAAGTCGCGCCAA-1,unassigned
TGGGCGTAGTATCGAA-1,unassigned
TGGGCGTGTGGCCCTA-1,unassigned
TGGTTAGAGGTACTCT-1,Clone2
TGGTTAGCAAACTGCT-1,unassigned
TGGTTAGGTTTGTGTG-1,unassigned
TGGTTAGTCCTCTAGC-1,unassigned
TGGTTAGTCTCTAAGG-1,Clone2
TGGTTCCCATGGGAAC-1,Clone1
TGTATTCAGTATCGAA-1,Clone1
TGTATTCTCGTGGTCG-1,Clone2
TGTGGTACAACACCCG-1,Clone1
TGTTCCGAGGGCTTGA-1,Clone2
TGTTCCGGTATCGCAT-1,Clone2
TGTTCCGTCATTTGGG-1,Clone1
TGTTCCGTCCGTCAAA-1,Clone2
TTAACTCAGCTCCTCT-1,Clone2
TTAACTCCAATCTACG-1,Clone1
TTAACTCGTATCGCAT-1,Clone1
TTAACTCGTTCCCTTG-1,Clone2
TTAACTCTCACTTACT-1,Clone1
TTAACTCTCAGCCTAA-1,Clone1
TTAACTCTCTCTGAGA-1,Clone2
TTAGGACAGATAGGAG-1,Clone1
TTAGGACCATTACGAC-1,Clone2
TTAGGACGTACGCACC-1,Clone1
TTAGGACGTCTCTCTG-1,Clone1
TTAGGACTCCCACTTG-1,Clone2
TTAGGACTCCTTGACC-1,unassigned
TTAGGACTCTTAACCT-1,Clone1
TTAGGCACAGGGTTAG-1,Clone1
TTAGGCACAGTGAGTG-1,Clone1
TTAGGCACATGATCCA-1,Clone2
TTAGGCACATGGGACA-1,Clone2
TTAGGCAGTTGATTCG-1,Clone1
TTAGGCATCGAATGCT-1,Clone1
TTAGTTCAGCCTCGTG-1,Clone1
TTAGTTCCAAGTAATG-1,Clone2
TTAGTTCGTTCATGGT-1,Clone1
TTAGTTCGTTCCAACA-1,Clone2
TTAGTTCTCATCTGTT-1,Clone2
TTAGTTCTCGCTAGCG-1,Clone2
TTATGCTCACTACAGT-1,unassigned
TTATGCTCAGACAGGT-1,Clone1
TTATGCTCAGATCTGT-1,unassigned
TTATGCTGTTAGATGA-1,Clone1
TTATGCTTCAGATAAG-1,unassigned
TTCCCAGAGCGTGTCC-1,Clone1
TTCCCAGCATCTCCCA-1,Clone2
TTCCCAGGTTGTCTTT-1,Clone1
TTCCCAGTCAGTCAGT-1,Clone2
TTCCCAGTCCGAACGC-1,Clone1
TTCCCAGTCTGAAAGA-1,Clone1
TTCGAAGAGAGATGAG-1,Clone2
TTCGAAGAGCTGATAA-1,Clone1
TTCGAAGCAAGCCGCT-1,Clone2
TTCGAAGCACACGCTG-1,Clone2
TTCGAAGCATAAAGGT-1,unassigned
TTCGGTCAGTCCAGGA-1,Clone2
TTCGGTCCATGAAGTA-1,Clone1
TTCGGTCTCACCCGAG-1,Clone2
TTCTACAAGAAGGTTT-1,Clone2
TTCTACACAAAGAATC-1,Clone1
TTCTACACAATCCAAC-1,Clone2
TTCTACACATTCGACA-1,Clone2
TTCTCAAAGAATGTGT-1,unassigned
TTCTCAAAGTCTCCTC-1,Clone2
TTCTCAATCACATGCA-1,Clone1
TTCTCAATCCTTGGTC-1,Clone2
TTCTCAATCGATGAGG-1,Clone1
TTCTCCTAGAGTAATC-1,Clone2
TTCTCCTAGTGTACGG-1,Clone1
TTCTCCTCACTTAAGC-1,Clone1
TTCTCCTCATCACCCT-1,unassigned
TTCTCCTGTAGCCTAT-1,Clone1
TTCTCCTGTTGATTCG-1,Clone2
TTCTCCTTCAACCAAC-1,Clone1
TTCTTAGAGAGAGCTC-1,unassigned
TTCTTAGGTATAAACG-1,Clone2
TTCTTAGTCAGAGCTT-1,Clone2
TTCTTAGTCTCGAGTA-1,Clone2
TTGAACGGTGTCCTCT-1,Clone2
TTGAACGGTTTAAGCC-1,Clone1
TTGAACGTCAGTTCGA-1,Clone1
TTGACTTAGAGCTGGT-1,Clone2
TTGACTTAGCAGGTCA-1,unassigned
TTGACTTAGGATGTAT-1,Clone1
TTGACTTCATCCTAGA-1,Clone2
TTGCCGTCATTCGACA-1,Clone2
TTGCCGTTCAAACGGG-1,Clone1
TTGCCGTTCACCATAG-1,Clone1
TTGCCGTTCTGTTTGT-1,Clone1
TTGCGTCCACGAAATA-1,Clone2
TTGCGTCTCATCGGAT-1,Clone2
TTGGAACAGCCATCGC-1,Clone1
TTGGAACGTTCCACTC-1,Clone2
TTGGAACTCACTTATC-1,unassigned
TTGGCAAAGATTACCC-1,Clone2
TTGGCAACAGTAACGG-1,Clone1
TTGGCAATCTTGGGTA-1,Clone1
TTGTAGGAGACAGACC-1,Clone1
TTGTAGGCAGTAAGCG-1,Clone1
TTGTAGGGTCCGAGTC-1,Clone1
TTGTAGGGTGACTCAT-1,Clone1
TTGTAGGGTTAGTGGG-1,unassigned
TTGTAGGTCAACACCA-1,Clone2
TTTACTGCAAAGGTGC-1,Clone1
TTTACTGCAATCACAC-1,Clone1
TTTATGCAGGATGGAA-1,Clone2
TTTATGCCACCCATGG-1,Clone2
TTTATGCTCATGTCTT-1,Clone2
TTTATGCTCCTCCTAG-1,Clone2
TTTATGCTCGTAGATC-1,Clone1
TTTCCTCAGGCCCGTT-1,Clone2
TTTCCTCCATCCTTGC-1,Clone1
TTTCCTCGTGACTACT-1,Clone2
TTTCCTCGTTACTGAC-1,Clone1
TTTGCGCAGAGCTTCT-1,Clone1
TTTGCGCAGGCTAGGT-1,Clone1
TTTGCGCAGTGCCATT-1,Clone2
TTTGCGCCACAGAGGT-1,Clone1
TTTGCGCGTACGACCC-1,Clone1
TTTGCGCTCGTAGATC-1,Clone1
TTTGGTTCAGCCAGAA-1,Clone1
TTTGGTTTCTTAACCT-1,Clone1
TTTGTCATCACCATAG-1,unassigned
